{
  "type" : "FeatureCollection",
  "features" : [{"type":"Feature","id":53,"geometry":{"type":"Polygon","coordinates":[[[-106.38358142234318,40.038448880465303],[-106.38384592948196,40.03849338757945],[-106.3840181419118,40.038574766891486],[-106.38426883385982,40.038702873859926],[-106.384626110018,40.038734361533372],[-106.38459823709137,40.038889637373472],[-106.38461759758236,40.039080097060946],[-106.38471398232079,40.03924580533895],[-106.38498066248422,40.039397558723174],[-106.38533943882892,40.039502920906486],[-106.3858854052142,40.03966325201899],[-106.38636761636714,40.039891084492105],[-106.38684746584919,40.040002147328451],[-106.38693800794502,40.040184609569472],[-106.3871146715271,40.040332660808161],[-106.38763928405976,40.040509924906182],[-106.38822901816232,40.040686404520606],[-106.38851724801113,40.040983302959198],[-106.38875702093686,40.041030483711246],[-106.38912700017146,40.041076103271529],[-106.3893247085857,40.041190536825965],[-106.38958719092183,40.041287491452351],[-106.39006875798273,40.041481962855627],[-106.39041702763186,40.041527830384631],[-106.39078871546212,40.041656859551956],[-106.39150834954803,40.041815080464787],[-106.39183526714118,40.041877900935113],[-106.39227851925855,40.04232309280922],[-106.39278654709445,40.042750818545386],[-106.39313969908716,40.043080501007935],[-106.39350174260451,40.04319463685669],[-106.39404159595431,40.043207880162399],[-106.39470947719838,40.043199842850875],[-106.39547848718385,40.043111596725566],[-106.39601511737838,40.042966892446465],[-106.39652725500673,40.042881726992206],[-106.39742563137628,40.042639555245877],[-106.39829770687095,40.042171784704195],[-106.39803851057211,40.041826090986596],[-106.3977803715904,40.041532071619947],[-106.39782743432814,40.041239387939598],[-106.39856232001092,40.04077761174738],[-106.40000495955998,40.040045076427923],[-106.40136040683095,40.039599613836515],[-106.40280249211946,40.038843211673651],[-106.40429922462168,40.037728578924551],[-106.40506307558249,40.037171066235658],[-106.40542778080807,40.036809081896692],[-106.40574963280132,40.03587076078918],[-106.40585945004818,40.035178156341331],[-106.40595997422342,40.034032758641764],[-106.40582127434354,40.033319320917769],[-106.40577804920871,40.032723918732451],[-106.40598918833477,40.032435311111207],[-106.40638633711514,40.032144445513737],[-106.40715402837381,40.031777573605751],[-106.40817069220505,40.031455335929614],[-106.40891030661946,40.031231806566836],[-106.40971240964173,40.031031359583757],[-106.4106340910047,40.030614904205457],[-106.4114046883133,40.030390989647657],[-106.41222303197755,40.029475207140685],[-106.41313532953907,40.028605947530558],[-106.41450324632449,40.027278217633246],[-106.4153244556145,40.026505397323639],[-106.41553257999449,40.026073789063858],[-106.41561031031772,40.02533388873313],[-106.4158154747488,40.024759293228868],[-106.41605162476901,40.024184308345859],[-106.41637584921294,40.023369887180863],[-106.41645158527623,40.022534666598055],[-106.41664046594617,40.02117363801505],[-106.41671867327481,40.020457570621545],[-106.41688985982863,40.019740355779319],[-106.41681504633512,40.019121511963469],[-106.41650798869628,40.017766547177331],[-106.41589297689995,40.016510691846065],[-106.41585460266765,40.016153608466901],[-106.41571338121678,40.015321028138153],[-106.41563711784241,40.014630685645713],[-106.4155308354662,40.013988377752128],[-106.41549540950466,40.013774280199037],[-106.41561397185082,40.013510625773769],[-106.41618707544249,40.012740832300771],[-106.41685855713423,40.01223203886552],[-106.417871444448,40.011742904880215],[-106.41910865546127,40.011608572185409],[-106.41972553755004,40.011457994058667],[-106.42077283123749,40.011135272350216],[-106.42157566728501,40.010982403386478],[-106.42219351416439,40.010879474777695],[-106.42315326612911,40.010820013666326],[-106.42395707056049,40.010714792946686],[-106.42472938365127,40.01058611531603],[-106.42538019870159,40.010578112002499],[-106.42615499832908,40.010568579168655],[-106.42695927796925,40.010487160938432],[-106.42794852252307,40.010355789870331],[-106.42856885054927,40.01037198163273],[-106.42915768723483,40.010364719318503],[-106.43014593016711,40.010185665014156],[-106.43073226594296,40.010059243871687],[-106.43174850487104,40.009736806595441],[-106.43316462525461,40.009266393937381],[-106.43386843282184,40.008828617568739],[-106.43462972807566,40.008175589346379],[-106.43508460529114,40.007693209993043],[-106.43563243837556,40.007209690528221],[-106.4361807637368,40.006749986956571],[-106.43666959906663,40.006410206010784],[-106.43715895092778,40.006094252553808],[-106.43752581121171,40.005851335723371],[-106.43819906527951,40.005437741874488],[-106.43896478383779,40.004999168217168],[-106.44002880325753,40.00438973199703],[-106.44034831693608,40.004083939430139],[-106.44101146405862,40.003567346383505],[-106.44171768090743,40.003248677535417],[-106.44247984123889,40.002643264282185],[-106.44380819262592,40.002431253320772],[-106.44451989997775,40.002374705943176],[-106.44520172127842,40.00237097836726],[-106.4456625183916,40.002174532694696],[-106.44584039829259,40.001790921858742],[-106.44592732107611,40.001503782608644],[-106.44595076800334,40.00114593877278],[-106.44593668960621,40.000478668163481],[-106.44592311696057,39.999835241666176],[-106.44590954162001,39.999191804288721],[-106.44583199365479,39.998453819427674],[-106.44547154015547,39.99752866407308],[-106.44514059182164,39.996531633256133],[-106.44481869042104,39.995963558082309],[-106.44471557280957,39.99548333114204],[-106.44470804043591,39.995125872115651],[-106.44497787368603,39.99469343155257],[-106.44524617261362,39.994189509630878],[-106.44585530763136,39.993681327393062],[-106.44621855129797,39.993271564080025],[-106.44681608277719,39.992771999125843],[-106.44758915674102,39.992134108389429],[-106.44846350227841,39.990978990028992],[-106.44914671417111,39.989580743208542],[-106.44938096964439,39.988934205642032],[-106.44955778863503,39.988502927587128],[-106.4496701103849,39.987953267771665],[-106.4497519837382,39.987427821221118],[-106.44992930309046,39.987020372933586],[-106.45001720773259,39.986780903994102],[-106.45010157660576,39.986374618494139],[-106.45065417884605,39.986129325052893],[-106.45124128807134,39.986050467713746],[-106.45213970756001,39.986039213483124],[-106.45275779698453,39.985959950636619],[-106.45312955668001,39.985955290218712],[-106.45445660820484,39.985844484921508],[-106.45495538249499,39.985838224904825],[-106.45567668924394,39.986096139181043],[-106.45613456413754,39.986207201490004],[-106.4563962029556,39.986270645133523],[-106.45660954475076,39.986101110696168],[-106.45690782944251,39.985847063951802],[-106.4570930683423,39.985377530843188],[-106.45751225010166,39.984688128627532],[-106.45789052527792,39.984116045348841],[-106.45824463936627,39.983427468084734],[-106.45856104397565,39.983006336216228],[-106.45888206862054,39.98280205403951],[-106.45998018359688,39.982421148950252],[-106.46189733214365,39.981796266034763],[-106.46259053060736,39.981754150376162],[-106.4630871417543,39.981647769073533],[-106.46355779428448,39.981341473368083],[-106.46398328401375,39.980952320002409],[-106.46462954460556,39.98074392433918],[-106.46564228549393,39.98043077622193],[-106.46644424029417,39.980403936894014],[-106.46744313814403,39.980458043002379],[-106.46849290130019,39.980861894603727],[-106.46934645622865,39.981218169995302],[-106.46976060921905,39.98131302919429],[-106.4700858703188,39.981308903297865],[-106.47042888302688,39.981121005415176],[-106.47092153889163,39.980831093345344],[-106.47119695606953,39.98052557938135],[-106.47121251938185,39.980240057137301],[-106.47077455564653,39.980045376063359],[-106.47015844610893,39.979636042398667],[-106.46965222388675,39.979292056964312],[-106.46936426173589,39.979012048843863],[-106.4691182374341,39.978664760937832],[-106.46908404935101,39.978081183070138],[-106.46926669571289,39.977494855662925],[-106.46926383637533,39.977361402795182],[-106.46856461650428,39.977119975978404],[-106.46814906304036,39.976958379968224],[-106.4679489273782,39.976727311217978],[-106.46772174613781,39.97624629093761],[-106.46743201879742,39.975882873710972],[-106.46692439969499,39.975472142449377],[-106.4663222032645,39.974695519327355],[-106.46629123923496,39.97426207652471],[-106.4662936799576,39.973360995163596],[-106.46634268844625,39.972609502431716],[-106.46635206775612,39.972033715463894],[-106.46627667574758,39.971550777898777],[-106.46617462623298,39.970834566578411],[-106.46631178011226,39.970148709101444],[-106.4663490808578,39.969864567910754],[-106.4660462632671,39.969901768460723],[-106.46512289037645,39.970330596019821],[-106.46434700827903,39.97055733748379],[-106.46242642098136,39.971005405627949],[-106.46182148558756,39.971113148022582],[-106.46121369534781,39.971087443027642],[-106.460258675708,39.970031567826233],[-106.45948245584405,39.969223729409102],[-106.45836008276176,39.968453612902969],[-106.4573230343601,39.967615672210457],[-106.45636670677325,39.966493038662755],[-106.45607212763203,39.965896042785047],[-106.45603805992319,39.965312448145681],[-106.45644049708564,39.963839022620519],[-106.45656135911892,39.963403666432953],[-106.45648464209533,39.962853987857031],[-106.45627218693737,39.962039034710521],[-106.45592613522868,39.961058903973566],[-106.45560990848574,39.960462175310717],[-106.45531393605751,39.959798453391372],[-106.45452434746548,39.959374519453696],[-106.45299208479715,39.95869292627772],[-106.45233329899534,39.958300716841578],[-106.45171927175255,39.9579746846061],[-106.45138882647528,39.957728534543953],[-106.45097061130318,39.957433416749893],[-106.45053495354321,39.957338748195383],[-106.44927839192042,39.957387847316234],[-106.44827982914218,39.957333579719894],[-106.44743303313791,39.957277415043144],[-106.44680861508223,39.957485444323758],[-106.4462908279491,39.957608713393086],[-106.44572687459687,39.957599062304695],[-106.44503250023845,39.957574343778901],[-106.44485978385372,39.957609875021525],[-106.44436227439149,39.957666133071562],[-106.44349553129635,39.95769361688383],[-106.44273998615864,39.957853200291758],[-106.44243055966241,39.957573380459955],[-106.44184907568741,39.956729628339879],[-106.44144662415191,39.956150619976405],[-106.44105325009238,39.95497079770378],[-106.44081162753545,39.95378907791342],[-106.44054206467827,39.953016569494721],[-106.44016316786782,39.951816499633416],[-106.4394143160773,39.950223924329222],[-106.43890913949414,39.948878618650156],[-106.43861059698587,39.948081390663191],[-106.43814323049301,39.946468635221052],[-106.43813554540574,39.946101635514857],[-106.43837703860525,39.94556469031312],[-106.43861599586073,39.945273413257119],[-106.43892085622039,39.944746068315219],[-106.43895610072225,39.944674563381575],[-106.43924720068837,39.94380975169323],[-106.4393259829388,39.943170144235317],[-106.4396794771896,39.942441985769314],[-106.44028921946851,39.941625483533279],[-106.44068073491371,39.940953608663648],[-106.44093704402722,39.939988229147403],[-106.44104581922836,39.939021827661577],[-106.44124902443382,39.93816213786809],[-106.44134394761328,39.937414474281432],[-106.44131271858072,39.936804620457181],[-106.44126543126417,39.93630849306664],[-106.44066702302922,39.935904373437836],[-106.44027461735357,39.93565380659421],[-106.43969792050072,39.935405518072308],[-106.43939915880352,39.935224734014199],[-106.43939529425117,39.935040287109572],[-106.43942324263629,39.93461419184402],[-106.43935903016147,39.934189240798041],[-106.43935011168732,39.933763603118756],[-106.43943275040526,39.933308440616109],[-106.43945860571577,39.932783023098814],[-106.439241612269,39.932104517495972],[-106.43925260944469,39.931749590448725],[-106.43929423018845,39.931096253208104],[-106.43952787031576,39.930809520876551],[-106.43996185092109,39.930406760944678],[-106.44061428832879,39.929873559817054],[-106.44086694129908,39.929614976695071],[-106.44078608483868,39.929275380445439],[-106.44062795080595,39.928766439286342],[-106.44027096480362,39.928444464257971],[-106.43952429681755,39.927999601568935],[-106.43870660802511,39.927683349574274],[-106.43713277042716,39.927348072670767],[-106.43598396980751,39.927064284773103],[-106.43538094333368,39.92643313192842],[-106.43471093667566,39.924924129406726],[-106.43459999204312,39.924619173016907],[-106.43452735606589,39.924502950605977],[-106.43446547921079,39.924341536808157],[-106.43445133613496,39.924224591256717],[-106.43450268293829,39.923881589134282],[-106.43460383413759,39.923682129766078],[-106.43477442061679,39.92344577400965],[-106.43499217673323,39.923226843045988],[-106.43526842305613,39.923007198345225],[-106.43560354765771,39.922804839492699],[-106.43622847865143,39.922472761512829],[-106.43654018866513,39.922270692499112],[-106.43694359870302,39.921977391407644],[-106.43984002499552,39.919481855575611],[-106.44000133906434,39.919362730806483],[-106.44007001526781,39.919289802135431],[-106.44016133260972,39.919180561588554],[-106.44028377747452,39.918881713484012],[-106.44037433843495,39.918736436528434],[-106.44046546623231,39.918618182697237],[-106.44054564895626,39.918536100959997],[-106.44062488934746,39.918408984549295],[-106.44066733743958,39.91820123122794],[-106.44063715943594,39.917877267043913],[-106.44057149887686,39.91753571580935],[-106.44045754039654,39.917122688402905],[-106.4402858507862,39.916746417388829],[-106.4400675637654,39.916379733001691],[-106.43980211339557,39.915995616450722],[-106.43950195212318,39.915629947762127],[-106.43915651576046,39.915336916564343],[-106.43881164892962,39.915070895854043],[-106.43849243708499,39.914912695394548],[-106.43817361780413,39.914772492828334],[-106.43732577885581,39.914512714425499],[-106.43673622980621,39.914294778083956],[-106.43563864303925,39.913839865784098],[-106.43451806479088,39.913403244671535],[-106.4340811413047,39.913210433484252],[-106.43351331621361,39.91291112730751],[-106.43307415771896,39.912610235055453],[-106.43270386766727,39.912245406138062],[-106.43252411657558,39.912040401972959],[-106.43202010780223,39.911433976762254],[-106.43183922213834,39.911174927108014],[-106.43167059668139,39.91094275616841],[-106.4314525620872,39.910585070705963],[-106.43120963787145,39.910155598452981],[-106.43105158917868,39.909869246290796],[-106.43080679646712,39.909349702985516],[-106.43053318041137,39.908569248841907],[-106.43040555226736,39.908057267235137],[-106.43030242028286,39.907599048648855],[-106.43027248123107,39.907284078528377],[-106.43023541494583,39.906626837044925],[-106.43023307124123,39.905951146973656],[-106.43025214247473,39.905743704546893],[-106.43028254685383,39.905518084396547],[-106.43046976114893,39.904957170683097],[-106.43056977148781,39.904703672805212],[-106.43082826889736,39.904195943774766],[-106.4309401594559,39.903951307185707],[-106.43103585788141,39.90349062716124],[-106.43107345417269,39.903048698592855],[-106.43105313697592,39.902634506027795],[-106.43098547856366,39.90219386957714],[-106.43092064535298,39.901888340596017],[-106.4307306112462,39.901187937257369],[-106.43061917433687,39.900891992585827],[-106.43046909909057,39.900425343233081],[-106.43027224766911,39.899959270283134],[-106.43012535964543,39.899645743288097],[-106.42979744222735,39.899064165114616],[-106.42970871383011,39.898840010882211],[-106.42966170229634,39.898723469054332],[-106.42954934191893,39.898382485982829],[-106.42926128544497,39.89746705348378],[-106.42914611064577,39.896990963075567],[-106.42909260788576,39.896667272114797],[-106.42909036299588,39.896559186409341],[-106.42907511319561,39.896388195894858],[-106.42906744337971,39.896018893164189],[-106.42908279558792,39.895631287426134],[-106.4292492147825,39.894070571859331],[-106.42918475976256,39.893783053853703],[-106.42910655423056,39.893396609906191],[-106.42911553289181,39.892702752920577],[-106.42915539473425,39.89236891136202],[-106.42921919308571,39.892061794687422],[-106.42924996667242,39.891854196487067],[-106.42915595528297,39.891269722156892],[-106.42912658127149,39.890981781611117],[-106.42913266376429,39.890711412965587],[-106.4291604576392,39.890359701783737],[-106.42939308087358,39.889735161858141],[-106.42950309664811,39.889400455296027],[-106.4296010318787,39.889047870290881],[-106.4297291774523,39.888460665949559],[-106.42978052784888,39.888117662557399],[-106.42979229757573,39.887558921706884],[-106.42977425491324,39.887252821544024],[-106.42973281473088,39.88694700124374],[-106.42961542199123,39.886362823515817],[-106.42956763251644,39.88575074900227],[-106.42951487805306,39.885463096839182],[-106.42943873774789,39.885175724705732],[-106.42928253509302,39.884411825483369],[-106.42920639927945,39.884124459972639],[-106.42874079528116,39.883103090364521],[-106.42845992263452,39.882529934010186],[-106.42836266473367,39.882350933597436],[-106.42828933885031,39.882198675480844],[-106.428258312837,39.882077429588151],[-106.42871460849231,39.881912621466135],[-106.42920674872408,39.881622882420039],[-106.42961088819401,39.88126748693935],[-106.4306552506787,39.880453662629371],[-106.43103876482969,39.880148582011479],[-106.43170132086072,39.879723237142812],[-106.43221508264308,39.879433228955861],[-106.43248963384505,39.879096108950513],[-106.43276278098026,39.878692263156879],[-106.43286478737569,39.878390652591804],[-106.43305724154385,39.878271467400495],[-106.43326577735222,39.87788511180139],[-106.43369219683781,39.877562789350236],[-106.43422968312682,39.877372592100379],[-106.43424854235789,39.877238874283556],[-106.43415672555271,39.876989708708074],[-106.43407856583477,39.876356595018471],[-106.43402727293036,39.875973443982758],[-106.43401372004767,39.875322847961868],[-106.43404381720296,39.874688387632823],[-106.43402887372821,39.87397105552332],[-106.43396416987491,39.872943981336846],[-106.43388982350537,39.872378418295881],[-106.43386124540123,39.872160995321494],[-106.43372850404666,39.871590299824831],[-106.43367949555802,39.871482792320883],[-106.4336276735459,39.871240174869179],[-106.4336101707709,39.870961089588754],[-106.43361060825045,39.870420504963185],[-106.43357869559999,39.870010957977847],[-106.43341818731997,39.869157445419212],[-106.4326921554326,39.866973340789926],[-106.43214509220437,39.86595508669361],[-106.43174722297512,39.864672757215011],[-106.4310096908555,39.863418465331037],[-106.43022072389766,39.862665390730349],[-106.42923337299248,39.861294971784325],[-106.42862752311373,39.860420440066036],[-106.42799669198524,39.859832265163568],[-106.42751554803085,39.859003872453037],[-106.42684070753828,39.857782150657115],[-106.42622816521066,39.857127350777553],[-106.42611319702395,39.857004451754484],[-106.42601027883849,39.856809758607902],[-106.42543719411141,39.85572552506563],[-106.42463605947304,39.854376616606906],[-106.4241412009392,39.852880912706055],[-106.4236483465468,39.851480540236096],[-106.4233719367305,39.850077498496461],[-106.42321479264123,39.848458457616026],[-106.42299482127927,39.846792509926409],[-106.42281909014845,39.8457696415974],[-106.42294551185502,39.844869650032209],[-106.42284868873875,39.844207906356957],[-106.42277456425309,39.843612871856124],[-106.42263170517344,39.842684946837878],[-106.42249574874847,39.842090667507293],[-106.42208351994942,39.84159513501799],[-106.42154812763334,39.841124938226834],[-106.42082871812626,39.840728513429802],[-106.42007497321239,39.840165628733523],[-106.41973608377145,39.839426532976361],[-106.4196861922389,39.839273992660317],[-106.41964650287301,39.839049238081195],[-106.41944916905625,39.838547100443037],[-106.41927836069317,39.838197817407504],[-106.41911683731686,39.837731278720938],[-106.41901872960975,39.837507239227641],[-106.41838522150171,39.836253623526659],[-106.41815600557719,39.835905044149683],[-106.41770834901997,39.835162705279537],[-106.4175152893873,39.834867740757588],[-106.41715517095957,39.83440363450255],[-106.41687627191163,39.833911505303412],[-106.41672031539515,39.833715191801595],[-106.41649075990746,39.83334858542689],[-106.41623792817242,39.832832459102349],[-106.41441366093449,39.831002404956152],[-106.41368903491053,39.830343783078746],[-106.41295952564471,39.829446832394225],[-106.41247977138406,39.828666021952849],[-106.41218888791194,39.828049776976528],[-106.41217912771639,39.827573144653904],[-106.41216790326689,39.827025004081406],[-106.41179380525671,39.826540400508691],[-106.41110857574787,39.825602713789962],[-106.41096361820374,39.825352199599727],[-106.41072075776836,39.824904664874914],[-106.41067052936758,39.824734085591913],[-106.41060567280068,39.824419537188739],[-106.41057568883313,39.824095548565062],[-106.4105571907248,39.823762410734631],[-106.41057521182772,39.8235009138198],[-106.41069597145304,39.823121032520334],[-106.410977873569,39.822622070109446],[-106.4110773844446,39.822346067080751],[-106.411098167867,39.822219680254243],[-106.41109577116181,39.822102574254728],[-106.41107911639645,39.821859518678671],[-106.4110529879981,39.821724693647859],[-106.41102741386027,39.821616880348884],[-106.41091164527467,39.821329980404734],[-106.41076902694351,39.820980332458014],[-106.41054092852322,39.820681267361735],[-106.41029087707399,39.820470330396901],[-106.40998123857533,39.82016551572778],[-106.40953000313003,39.819792579087114],[-106.40913607750488,39.81936222764638],[-106.40859705779171,39.818701316623205],[-106.4083970308257,39.817988609344866],[-106.40809504238,39.81682421707643],[-106.40786217300723,39.816016549148664],[-106.40766117675904,39.815256173153422],[-106.40754269975284,39.814568510803177],[-106.40717273938286,39.813595448086659],[-106.40704758160588,39.813187012479133],[-106.40690044385057,39.812846421863568],[-106.40671764387676,39.812456712829622],[-106.406584198243,39.812215061867704],[-106.40647559282347,39.812045195637843],[-106.40623594206859,39.811750777050058],[-106.40563719606712,39.811050759479556],[-106.40530294732294,39.810698920759584],[-106.40512499286179,39.8105659314608],[-106.40495818020509,39.810405771629846],[-106.40473278840874,39.81023731899834],[-106.40450849525196,39.810122899682959],[-106.40424752028888,39.809927846574929],[-106.40373798058836,39.80957361172343],[-106.40365513795287,39.80952055538522],[-106.40278516271931,39.808693166283156],[-106.40207087540598,39.808035071704197],[-106.40192779893407,39.807892639696547],[-106.40179567112882,39.807714042892243],[-106.40152922542565,39.807266771467781],[-106.40130914087599,39.806782902904622],[-106.40111130849424,39.806244696769284],[-106.40098867228826,39.805975882309085],[-106.40093629062575,39.805697215568998],[-106.40088134876463,39.805292436151191],[-106.40082056156602,39.804617441243352],[-106.40079955805635,39.804158195431775],[-106.40075557025185,39.803735255331702],[-106.40071687891422,39.803555530415245],[-106.40066760093102,39.802871386629889],[-106.40067562288648,39.802691096996384],[-106.40080095583492,39.801977805483901],[-106.40105218407717,39.801136869076302],[-106.4011240546898,39.800649472094683],[-106.40118333721036,39.800135197543952],[-106.4011811426261,39.800027108132831],[-106.40115413118382,39.799847233421417],[-106.40111690410014,39.799739568698371],[-106.40072167861278,39.799275831132164],[-106.40039925798595,39.798928337517822],[-106.40001809382775,39.798581553718144],[-106.39961558390176,39.798316112565253],[-106.39935558989897,39.798166076044986],[-106.39878923984159,39.797902607208677],[-106.39859966657055,39.797769746378151],[-106.39699176575529,39.796689008289334],[-106.39645545446268,39.796147192775202],[-106.39609634214807,39.795197987986661],[-106.39591775257803,39.794008234725943],[-106.39598923961,39.792958500715635],[-106.39612587695798,39.792074848255723],[-106.39651303467576,39.791355049415948],[-106.39650821521427,39.791116729290337],[-106.39542454963926,39.791010579115884],[-106.39424771888783,39.790881687727968],[-106.39359366810586,39.79062733065301],[-106.39290247917343,39.790063517107015],[-106.39212200309167,39.789667639811633],[-106.39127685369931,39.789129503348512],[-106.39070831265094,39.788516527127179],[-106.38988401135971,39.787477528171955],[-106.38959592164809,39.786980375142186],[-106.38953624476714,39.786060340914439],[-106.38992493680742,39.784904910026633],[-106.39005105847669,39.783434536015662],[-106.39030278348727,39.782355542228764],[-106.39071174601195,39.780937115912884],[-106.39093356520843,39.77973190245492],[-106.39088627429862,39.778740883034416],[-106.39047803940932,39.777130206818576],[-106.39047044954349,39.777100261132901],[-106.39018222867784,39.776365308110805],[-106.389866743045,39.775870962057247],[-106.3892346354105,39.77516339000266],[-106.38897987589085,39.77478503322137],[-106.3886561733681,39.774049924296449],[-106.38842943679379,39.773528194495789],[-106.38798651615474,39.773009048478379],[-106.38734081521335,39.771622253546731],[-106.38701809993911,39.77093479695894],[-106.38654048456716,39.770225362395863],[-106.38615983783856,39.769729304082837],[-106.38589174552349,39.769447944734758],[-106.38562309265966,39.769165988360996],[-106.38553631719985,39.768914743755566],[-106.38549861311074,39.768780048280583],[-106.38545888781226,39.768546272012244],[-106.38540937177549,39.768301503218062],[-106.38538536250289,39.768227296725378],[-106.3853572164884,39.768133032386316],[-106.38520920287566,39.767738363625064],[-106.38507701847655,39.767532709414404],[-106.38494465261773,39.767336075822733],[-106.38478894313798,39.767139722699085],[-106.38463451016423,39.767006409568445],[-106.38431485095859,39.766784972621927],[-106.38341875541153,39.766345156191036],[-106.382547651894,39.765968111229661],[-106.38205345631685,39.765775777082212],[-106.38141707000665,39.765477015298671],[-106.38090870081093,39.76515870801606],[-106.38060091463839,39.764946127855474],[-106.38026853888159,39.764670773705532],[-106.37984152381296,39.764333474816532],[-106.37915487047441,39.763855095646363],[-106.37857577332313,39.763501589547722],[-106.37822221439362,39.763334595750685],[-106.37792755081074,39.763193930774904],[-106.37763326002872,39.763071288381184],[-106.37736391995371,39.763029426979728],[-106.37698845650431,39.762934777112193],[-106.37655499692184,39.762858824000489],[-106.37610950979602,39.762765001158655],[-106.37578039402538,39.762633747711966],[-106.37557016040114,39.762546143536163],[-106.37527619391092,39.76250456976932],[-106.37503073644606,39.762489458056208],[-106.37445634107696,39.762370118633804],[-106.37430282168987,39.762281839465793],[-106.37421950923549,39.762201738250589],[-106.37412345238212,39.762067721564812],[-106.37406258882669,39.761942306017765],[-106.37402372680918,39.761749058083147],[-106.3740192487075,39.761523860083805],[-106.37404711175266,39.76116314233861],[-106.37404496477913,39.761055042797352],[-106.37399559337112,39.760920481105373],[-106.37370080761737,39.760185157144711],[-106.37356865645593,39.759997517168266],[-106.37340027264582,39.759747230756766],[-106.37322064731823,39.759519598868316],[-106.37303033293708,39.759341656116561],[-106.37275724059914,39.759110626659378],[-106.37257950532691,39.758977583880096],[-106.37244808359748,39.758843982860277],[-106.37213749018967,39.758487257116585],[-106.37188776752384,39.758255958229483],[-106.37166254011917,39.758082921555506],[-106.37139221010074,39.757654676931779],[-106.37081196310588,39.756984752446286],[-106.37058683002432,39.756816225610621],[-106.37038396977192,39.756593369176066],[-106.37029906011297,39.756432196250515],[-106.37021451337336,39.756289031708526],[-106.36984340405813,39.756023507500657],[-106.36961007564624,39.755860510048095],[-106.36911580910218,39.755688744285067],[-106.36845354502357,39.755554480808996],[-106.36820535578194,39.755415323422518],[-106.36797062689651,39.75518129666677],[-106.367719395061,39.754888261063812],[-106.36757715761556,39.754676823243898],[-106.36706476306907,39.754363185725552],[-106.36666158569481,39.754142979553492],[-106.36640802362945,39.753731571351715],[-106.36612519984205,39.753391551674547],[-106.36582891659671,39.753146404412362],[-106.36551729821117,39.752901431698611],[-106.36503885459254,39.75275314635816],[-106.36469914319312,39.752638745376657],[-106.36455762080664,39.75246281117812],[-106.36443260047191,39.752345882666916],[-106.36418583146673,39.752277742132378],[-106.3639385953376,39.752185928451702],[-106.36356868886652,39.75209557535517],[-106.36329031802798,39.751980430840888],[-106.36296850286566,39.751996058007258],[-106.36273871561261,39.752010603624413],[-106.36247684862245,39.751954467511972],[-106.36233766455065,39.751896907937848],[-106.36209276314293,39.751923467313446],[-106.36194104397966,39.752008120074976],[-106.36174494265144,39.752176171082695],[-106.36141619339345,39.752618099503572],[-106.36129607247028,39.752749752578815],[-106.36111251611501,39.752775584387408],[-106.36088317891792,39.752813789589034],[-106.36052952746194,39.75277058073997],[-106.3601466160805,39.752798746884814],[-106.35973744424837,39.75305217398774],[-106.35935661426343,39.753186869841691],[-106.35912611195143,39.753165892630186],[-106.35861702230687,39.753017940743746],[-106.358187382361,39.753011138707713],[-106.35771128873515,39.752981176314719],[-106.35715758336369,39.752904779198047],[-106.35685064340414,39.752896520605205],[-106.35663686951935,39.752946383622849],[-106.35639405399974,39.753079458080968],[-106.35612893600656,39.752857602024847],[-106.35585057415118,39.752742457403031],[-106.35535752662096,39.752629819597523],[-106.35486516270866,39.752552687253605],[-106.35472459163807,39.75242409263776],[-106.35459912394234,39.752283473749657],[-106.3543553894462,39.752369200011799],[-106.35412558602347,39.752383719996566],[-106.35385092702367,39.752457967045302],[-106.35359278355035,39.752591212343525],[-106.35348797081795,39.752722670711101],[-106.35333995540859,39.752996715543773],[-106.35320934934943,39.753377114777649],[-106.35315426645283,39.753697432370409],[-106.35328251353607,39.753980084697183],[-106.35328575825085,39.754145809026973],[-106.35307383040397,39.754290353737588],[-106.35294044046574,39.754528702639142],[-106.35288188108902,39.754671469592488],[-106.35265484896894,39.754828028502779],[-106.35238621047819,39.755210035032199],[-106.35202531590603,39.755581269436824],[-106.3518905201044,39.755748601785662],[-106.35148478522653,39.756179557818264],[-106.35122892527069,39.756431169331478],[-106.35080436439942,39.756684744669315],[-106.35054803821792,39.756912691860499],[-106.35024408605503,39.757058301872227],[-106.34981767016269,39.757217177120864],[-106.34957459323334,39.757338399731147],[-106.34940935981491,39.757517920816085],[-106.34930384909156,39.757613865381209],[-106.34893368749894,39.757511610231866],[-106.34842643311251,39.757458303105842],[-106.3480128083315,39.757486794672133],[-106.3476930386331,39.757608906282783],[-106.34746484229642,39.757706274017082],[-106.34712927572372,39.757804890189853],[-106.34691664269933,39.757913916070663],[-106.34655270822827,39.758131255325651],[-106.34613746558145,39.758076869991086],[-106.34583188567126,39.758139616877976],[-106.34558695551745,39.758166133792827],[-106.34531135418493,39.758193007727421],[-106.34489772131909,39.758221478272375],[-106.34471368346682,39.758223610783219],[-106.34446406410727,39.758282732685615],[-106.34421108684515,39.758410582969937],[-106.3439533521053,39.758567490409128],[-106.34377069406531,39.758640638992063],[-106.34361916624319,39.758737112354567],[-106.34354523848859,39.758880049443221],[-106.34358158881653,39.759082448593617],[-106.34339025933912,39.758798965036938],[-106.34326043211932,39.758433428668916],[-106.34334532560862,39.758065418079006],[-106.34353687876653,39.757660644972432],[-106.34357782307887,39.757399708795674],[-106.34338826687582,39.757117735540938],[-106.34328865449059,39.75672817343461],[-106.34340651704915,39.756478178313756],[-106.34343236876639,39.756229245118739],[-106.34344218375918,39.755944974961523],[-106.34343482386204,39.755566182447566],[-106.34324250264456,39.755142177028326],[-106.34297373838966,39.754730893580394],[-106.34281049473958,39.754223679240994],[-106.34257035080964,39.753705504398454],[-106.34239429359037,39.753328664408095],[-106.34225144798545,39.753081683295612],[-106.34200034191409,39.752788590415896],[-106.34161143697307,39.752508929184252],[-106.34120743045384,39.75224128740566],[-106.34095953675791,39.752113909118265],[-106.34047748730173,39.751776126050828],[-106.34018129927783,39.751530913643961],[-106.3399624696746,39.751320322613878],[-106.33985259763053,39.751191354818182],[-106.33963838087629,39.75121750491023],[-106.33945227510226,39.751113096483436],[-106.33935752080609,39.750972114398451],[-106.3390441596889,39.750632369794445],[-106.33891759335357,39.750432553046281],[-106.3386520818983,39.750186982238638],[-106.3383742204045,39.750095468971701],[-106.33807894956051,39.749897595574424],[-106.33781666305713,39.749817747932973],[-106.33760242743827,39.749843893711805],[-106.33698811542953,39.749803607963464],[-106.33668278165774,39.749878166519693],[-106.33629940405066,39.749882581241231],[-106.33608129040474,39.74970749297519],[-106.33580159185618,39.749521272782268],[-106.33555145327038,39.749275518461481],[-106.33536329933749,39.749064566912764],[-106.33526741316408,39.748864393373573],[-106.33510902850135,39.748605743855393],[-106.33479753767659,39.748360684544991],[-106.33461011048078,39.748185249142843],[-106.33468312375044,39.747994970529255],[-106.33474149807424,39.747840383877474],[-106.33478360121329,39.747638623038313],[-106.33453299370689,39.74736918519573],[-106.33428193165298,39.747076075608859],[-106.33410870053359,39.746841272499537],[-106.33374773050298,39.746415637201665],[-106.33347312630039,39.745696563332743],[-106.33332644758417,39.745248336131269],[-106.3332122627284,39.744894448570463],[-106.33303469454285,39.744434737797562],[-106.33281112183494,39.743975555814146],[-106.33252622024423,39.743517069096107],[-106.33227449433532,39.743188444410578],[-106.33188340648817,39.742790376566845],[-106.33143349875287,39.742523228209109],[-106.33135130020942,39.742236463178386],[-106.33134150408125,39.741727459683503],[-106.3314092792745,39.741264933698332],[-106.33146059284013,39.740743390657606],[-106.33147068451406,39.740470954211013],[-106.33135811033759,39.740199935509722],[-106.3311817063686,39.739799404404948],[-106.33098996366618,39.739399047118368],[-106.33067602583057,39.739023776363993],[-106.33016118157829,39.738567917572333],[-106.32983304586963,39.738252001745522],[-106.32964291923638,39.737934505339936],[-106.32940792265299,39.737676725938648],[-106.32907016239437,39.737656914196194],[-106.32854795285509,39.737615529188645],[-106.32819553119272,39.737631400006947],[-106.32786992064831,39.737445688753382],[-106.32775986534791,39.737304872813418],[-106.32755646341138,39.737094081490454],[-106.3273075132967,39.736907488717989],[-106.32715092975614,39.736755627246716],[-106.32683460958843,39.73623802770858],[-106.32664154097262,39.73576663708392],[-106.32649175228889,39.735152683439303],[-106.32620693154658,39.734694178088134],[-106.32589213402325,39.734271540526358],[-106.32566886853917,39.733824179913228],[-106.32542575298226,39.733140249891356],[-106.32504042692932,39.73303808898239],[-106.32470201000224,39.732982747759095],[-106.32431759214607,39.732927932215624],[-106.32384004863935,39.732814982919365],[-106.32345519330364,39.732736500607018],[-106.32305476657079,39.732646345835924],[-106.32280833353555,39.732589949390174],[-106.32214931237512,39.732609296965144],[-106.32196262898435,39.732469348508687],[-106.32177344558214,39.732199184000017],[-106.32144833000946,39.732037131902061],[-106.32107721620265,39.731875603082941],[-106.32087475390392,39.731712144353352],[-106.32033360159026,39.73147913691087],[-106.32025355451191,39.731302446778287],[-106.32018726603046,39.731042719240122],[-106.3200916664196,39.730854376041705],[-106.31994849382794,39.730583682915892],[-106.31972799964652,39.73027835246743],[-106.31959880663727,39.729936468471735],[-106.31915555811317,39.729207435082259],[-106.31874839221905,39.728762148773797],[-106.31863883458533,39.728644995577888],[-106.31849791766334,39.728492684104268],[-106.31809684683844,39.72836699187495],[-106.31761913265181,39.728242178907308],[-106.31732380072239,39.728032404483976],[-106.31709067712637,39.727869297283299],[-106.31670292652051,39.727636900722828],[-106.31631629431716,39.727463686273886],[-106.31617742196076,39.727417903857742],[-106.31609513717906,39.727122837784485],[-106.31586204502408,39.72695972843205],[-106.31539877305227,39.726787377282392],[-106.31518122354834,39.726635910816853],[-106.31477949336001,39.726474718245804],[-106.31431443014753,39.726207662789001],[-106.31394493510489,39.726128956702311],[-106.31325081317304,39.725911864014726],[-106.31274158069635,39.725740030497562],[-106.31249405710633,39.725624433615529],[-106.31244490578555,39.725459226575154],[-106.31228847945019,39.725295223395058],[-106.31203939818147,39.725096779944472],[-106.31162503857858,39.725077774335382],[-106.3109938373442,39.724942830076465],[-106.31067214345443,39.724958301701058],[-106.30998276013572,39.724989761051809],[-106.30975146820455,39.724921337135569],[-106.30948705449057,39.724723043228579],[-106.30917889821217,39.724643636930622],[-106.30893474330445,39.724705594149988],[-106.30874967418623,39.724648476800589],[-106.30845527919965,39.724486033167018],[-106.30797603158884,39.724278316621373],[-106.30726998092834,39.724238914123653],[-106.30708424346356,39.724146287177554],[-106.3067578477916,39.723913165034801],[-106.30610865779364,39.723636311300211],[-106.30521396811001,39.723350376950499],[-106.30488737031712,39.72310541438128],[-106.30460988252247,39.723025653153847],[-106.30414754390027,39.722900609418097],[-106.30403735025929,39.722747934259331],[-106.30399001802698,39.722677423563979],[-106.30393926411173,39.722467497476948],[-106.30316798857511,39.722177538384742],[-106.30262746148887,39.721970486481958],[-106.30188699636983,39.72173015940232],[-106.30124940362221,39.721251868545025],[-106.30085971714691,39.720912879798185],[-106.30032099657269,39.720800519548504],[-106.2999199904265,39.720674774602976],[-106.29961186199586,39.720595342223532],[-106.29925707506933,39.720480916182431],[-106.2989662868186,39.720507847655711],[-106.29867525242948,39.720522942321459],[-106.29846064670474,39.720525343399743],[-106.29825712619059,39.720517420877428],[-106.29828838396921,39.720395439069939],[-106.29827452116774,39.720278458217159],[-106.29823800554976,39.720197776814587],[-106.29809365167351,39.71996513605292],[-106.29793795746508,39.71975063442715],[-106.29770907122227,39.719365761403317],[-106.29752886917628,39.719088471373531],[-106.29722999788463,39.718704380985081],[-106.29712114902163,39.718498363413296],[-106.29708328682905,39.718345618392924],[-106.29709106893435,39.718138305540734],[-106.29705405115813,39.71803060283144],[-106.29685086571558,39.717771579852958],[-106.29656434446245,39.717423387302674],[-106.29608935666272,39.716978191421433],[-106.29580552855879,39.716774125592167],[-106.29534659544981,39.716563001311322],[-106.29518179412106,39.716483744546572],[-106.29519007568967,39.71630346286306],[-106.29530233455748,39.71606795788901],[-106.29537976933494,39.71584183802824],[-106.29543320022972,39.715579957806575],[-106.29541885233802,39.715435960022525],[-106.29535480335656,39.71513033169704],[-106.29529378708753,39.714986855380332],[-106.29514960838274,39.71476320995707],[-106.29497026243124,39.714530954418024],[-106.29490993247506,39.714423500370629],[-106.29481140076312,39.71414529628855],[-106.29477506211323,39.714073613806903],[-106.29470306034658,39.713966306235037],[-106.29452441148771,39.713770075325172],[-106.2943577551379,39.713591735936731],[-106.29420242384884,39.713395244134347],[-106.29411773607376,39.713234009555883],[-106.29406806373012,39.713072378639019],[-106.29400149946589,39.712631639503272],[-106.29392764716975,39.71242522648506],[-106.29388895313721,39.712227441877509],[-106.2938624402599,39.712056551395811],[-106.29388206305897,39.711858107165781],[-106.29398115352302,39.711541658456376],[-106.29421731522132,39.711070506001718],[-106.29426110539647,39.710916850999062],[-106.29407342577406,39.710549521630654],[-106.29407706934086,39.710432363061415],[-106.29421029129411,39.710070466320175],[-106.29421959604385,39.709944233270605],[-106.29418258994571,39.709836528823438],[-106.29412208571637,39.709720076695],[-106.29409724550213,39.709639264077943],[-106.29413570866765,39.709512688160643],[-106.29417433981813,39.709395129083639],[-106.29415863547034,39.709179069390657],[-106.2941338069342,39.709098258904163],[-106.29397815135333,39.708883747670257],[-106.2936521509401,39.708292722416111],[-106.29325500485469,39.707639412069803],[-106.29313401615894,39.707406503654568],[-106.29291467631266,39.706904388206119],[-106.29284200979269,39.706761039219195],[-106.29274434046343,39.706527861766119],[-106.29262317659624,39.706285945251835],[-106.29251653489389,39.706197024067613],[-106.29238707149177,39.706135399227108],[-106.2919834871807,39.706072307811937],[-106.29185926724492,39.705979085615475],[-106.29172640461776,39.705813884038072],[-106.29139619649573,39.70554274844158],[-106.29132437618877,39.705444437586486],[-106.29127604862309,39.705354878805686],[-106.29127168281084,39.705120662005697],[-106.29123333552798,39.70494089176696],[-106.29114768386059,39.704725607379658],[-106.29100236609203,39.704438900054818],[-106.29088884509126,39.70398065213169],[-106.29081105008933,39.703913942784688],[-106.29041995685229,39.703709964783719],[-106.28995668398217,39.703525682641491],[-106.28969549432172,39.703493057242142],[-106.28953916141116,39.703329039147462],[-106.28932174126463,39.703177529454095],[-106.28876828292987,39.703088955359263],[-106.28816951536882,39.703036406466225],[-106.28741660768479,39.702938196401377],[-106.28659822898624,39.70261575470473],[-106.28619516749467,39.702371574123859],[-106.28582188784971,39.702079708697369],[-106.28569731218106,39.701974538837518],[-106.28523603806244,39.701896754727848],[-106.28475877033851,39.701783647474514],[-106.28445074431578,39.701704173296939],[-106.28415913769983,39.701683722274531],[-106.28349600944195,39.701466098554071],[-106.28244735750177,39.701122490359431],[-106.2819996632153,39.700949834119008],[-106.28179891669875,39.700869168121713],[-106.28150556196127,39.700754008524832],[-106.28127437872627,39.700685517021711],[-106.28104035052675,39.700463141893017],[-106.2807314693079,39.700336312073929],[-106.28011497618965,39.700153670034481],[-106.2797292539797,39.700015846005343],[-106.27937702096352,39.700031567202174],[-106.2790851924637,39.699999258086052],[-106.27879381491813,39.699990627528294],[-106.27841026663117,39.699971174729555],[-106.27804095125157,39.699892349541656],[-106.27779380675059,39.699788518591667],[-106.27754468685431,39.699578141316763],[-106.27726492183044,39.69936810069138],[-106.27709876135064,39.699500165125869],[-106.27697789931739,39.699596216038458],[-106.27665696719897,39.69964711082411],[-106.27633668905411,39.699733514237096],[-106.27601553864507,39.699772560960824],[-106.27592816580561,39.700022157016406],[-106.27583970600463,39.700212569439138],[-106.27572059748279,39.700403319313374],[-106.27529696457121,39.700703975045101],[-106.27507124309314,39.700931411410224],[-106.27476866625095,39.701147854255979],[-106.27448468633175,39.701541693592539],[-106.27438460861921,39.701933505629526],[-106.27420614930486,39.702231464773917],[-106.27395280822508,39.702624966180437],[-106.27371393181798,39.70297093333555],[-106.27350242528097,39.703139016828494],[-106.27301658762923,39.703392990071428],[-106.27270042017508,39.703704296166229],[-106.27262749763527,39.703906367372113],[-106.27256966948717,39.704096441485504],[-106.27241772305013,39.704169159958845],[-106.27202317938406,39.704386592008184],[-106.27189731463298,39.70421036945563],[-106.27163352524811,39.704035673834795],[-106.27135506367971,39.70389663081292],[-106.27104551950416,39.703734266159692],[-106.27084260625114,39.703535207076754],[-106.27068500042782,39.703300134009787],[-106.27028286869256,39.703103246594445],[-106.26978899111903,39.702919224771769],[-106.26928000837398,39.702747179843925],[-106.26894156359914,39.702679847281559],[-106.26858626822616,39.702529805522317],[-106.26816859383986,39.702321257758278],[-106.26782993526595,39.702242066185377],[-106.26712174481845,39.702072205653458],[-106.26675199645088,39.701969680097797],[-106.26639692565674,39.701831468507322],[-106.26587416095862,39.701742448277955],[-106.26553614557845,39.701698776826319],[-106.26525943392821,39.701654428714342],[-106.26492013216058,39.701539727967763],[-106.26471831305558,39.701399850537413],[-106.26442563115624,39.701320164425915],[-106.26401607933674,39.701333030184877],[-106.26402133537945,39.701003699865794],[-106.26397169357855,39.700802950633964],[-106.26385966827272,39.700543694323827],[-106.26374440364198,39.700106871450387],[-106.2635085015568,39.699777922332586],[-106.26331834168589,39.699436625295768],[-106.26305027452364,39.699025150415252],[-106.26278266370554,39.698637332075165],[-106.26260890168182,39.698355077609115],[-106.26258689116072,39.697988272324409],[-106.2625808526854,39.697656819997704],[-106.26259229093391,39.697443576084908],[-106.26276949709845,39.697074614964329],[-106.26300560399949,39.69657476472883],[-106.26312544464831,39.696194873834067],[-106.26314056598947,39.695744207611135],[-106.2633206054404,39.695357753254953],[-106.26377145101686,39.694867394789966],[-106.26414567928278,39.69437787682066],[-106.26425681884972,39.693749147446852],[-106.2643863029131,39.693285980940601],[-106.264409384226,39.692871329803296],[-106.26440247168991,39.692492530728707],[-106.26433578794973,39.692197255794881],[-106.26425405114033,39.69191753467063],[-106.26443316622482,39.691655108104996],[-106.26445626101247,39.691240455466463],[-106.26467874406394,39.690835470997627],[-106.26488915735128,39.690608221183176],[-106.26524954796851,39.690201732276734],[-106.26538463751926,39.690046344811975],[-106.26555101628968,39.689926131297014],[-106.26582400621969,39.689769231413635],[-106.26575838608481,39.689533149212615],[-106.26556933742987,39.689251048307931],[-106.26542668316613,39.688992127423688],[-106.26544005997903,39.688885421655442],[-106.26554277604356,39.688635664353455],[-106.26556930958209,39.688410407169364],[-106.26550500188587,39.688245352946446],[-106.26519792089083,39.688213183482254],[-106.26496657775571,39.688132822662901],[-106.26465798579436,39.688017786293813],[-106.26442189236802,39.687676989666016],[-106.26427881589608,39.68739439450912],[-106.26393525701229,39.687042930226035],[-106.26345554676911,39.686787674606194],[-106.26291325628996,39.686462056289592],[-106.26251231122922,39.68632434041605],[-106.26221818843213,39.686161771967186],[-106.26189536715671,39.686106077203192],[-106.26164914702217,39.686049559052321],[-106.26143356572702,39.685992695894669],[-106.26117245601664,39.685960017963787],[-106.2613213823177,39.685721600639368],[-106.26136302192607,39.685484341816398],[-106.26143466616325,39.685211250131637],[-106.26136498564328,39.68475024892453],[-106.26146598772225,39.684405785310318],[-106.26155274611408,39.684120689386972],[-106.26146904109591,39.683730876481967],[-106.26139955371373,39.683281713419468],[-106.26121896629047,39.682620627958741],[-106.26093738217816,39.682304014060328],[-106.26070305034807,39.682057914353251],[-106.26048555833633,39.681894517998948],[-106.26012651339535,39.681531371663375],[-106.25992111540228,39.681190242974033],[-106.25985639537933,39.681001503696095],[-106.25966996531346,39.680861449139599],[-106.25936162847366,39.680758232524418],[-106.25925309402103,39.680688368195142],[-106.25895493060182,39.68030087617052],[-106.2585967633149,39.679985079890393],[-106.25839572215092,39.679852471349285],[-106.25826916479876,39.679803936118525],[-106.25811612421369,39.679805945918311],[-106.25801202115035,39.679852122209915],[-106.25778114783414,39.679980763706119],[-106.25764272194044,39.680063352597074],[-106.25755092669479,39.680145434620812],[-106.25740018849181,39.680192117453608],[-106.25726029115766,39.680193630844393],[-106.25710840850103,39.680177256631993],[-106.25667493724045,39.680064810681642],[-106.2565115597414,39.680057567962585],[-106.25574788215545,39.680051449399251],[-106.25530231597789,39.679985225768149],[-106.25503973392875,39.679869664906178],[-106.25487034670047,39.679824130904755],[-106.25448542938102,39.679721720255237],[-106.25400793438331,39.679584810900899],[-106.25363277905605,39.679484995294992],[-106.25331410440396,39.679272197875129],[-106.25316108627676,39.679192751705344],[-106.25306733360215,39.679166732617183],[-106.2528458333076,39.679169124764194],[-106.252682947187,39.679188899382034],[-106.25253699071627,39.679176960082103],[-106.25237805089475,39.679093080029674],[-106.25227151249868,39.679004121736426],[-106.25216610418323,39.678978229789983],[-106.25204968611568,39.678988494617016],[-106.25188761476706,39.67905331087686],[-106.25156411975514,39.679218976812379],[-106.25103321632055,39.6795220229235],[-106.25076883314929,39.67973210941765],[-106.2505646164408,39.679844670676296],[-106.25044541808744,39.679852720932089],[-106.25018090196549,39.679848802274549],[-106.24998732939481,39.680101767480288],[-106.24986818404206,39.680292474755696],[-106.24974903509603,39.680483208467415],[-106.24941498398123,39.680652566968121],[-106.24924815964644,39.680749083117853],[-106.24906837352042,39.680975976150641],[-106.24892963770793,39.68093010549773],[-106.24859003859792,39.680791679630474],[-106.24818979422309,39.680689421131454],[-106.2477750824806,39.680634673952632],[-106.24736228864124,39.68068647595171],[-106.24685671859596,39.680691906558863],[-106.24656435919181,39.680624001469404],[-106.24634731813433,39.680484255184631],[-106.24616326680734,39.680474390876739],[-106.24584325007221,39.680572546485081],[-106.24553960064155,39.680729720303823],[-106.24538469784891,39.680636660913429],[-106.24510787121433,39.680580434878351],[-106.24466316292786,39.680561513794771],[-106.24431228187619,39.680648156801041],[-106.24385437733822,39.680747784059669],[-106.24339732170819,39.680894757924705],[-106.24301643602772,39.681017243050633],[-106.2428491867898,39.681090067419632],[-106.24261746995553,39.680985980040397],[-106.24227874131303,39.680894880985861],[-106.24167847626038,39.680747395517521],[-106.24143228846521,39.680690824585632],[-106.24118738615918,39.68070528085314],[-106.24098695584964,39.680636389210015],[-106.24069268393221,39.680461931897121],[-106.24053800032851,39.680380702004861],[-106.24016882957767,39.680301753507159],[-106.23990838551892,39.680304534159497],[-106.23950901430653,39.680249612452528],[-106.23927836107755,39.680204709914719],[-106.23904813005674,39.680183488567536],[-106.23888411655049,39.680111771496676],[-106.23896095843989,39.679592422859905],[-106.23908974181735,39.679081925421393],[-106.23925317950349,39.678796017275999],[-106.23926447851315,39.678570936787992],[-106.23925643769304,39.6781211047836],[-106.23921499661235,39.677517702266563],[-106.23911653047742,39.677151716876047],[-106.23898318545497,39.676549295972293],[-106.23892940511554,39.676111788880867],[-106.23892559805536,39.675898709345859],[-106.23889346801259,39.675557097888017],[-106.23887750584829,39.675295971910082],[-106.23891746740371,39.674921634214854],[-106.23897100519802,39.674655261435795],[-106.23900010163008,39.67432608870579],[-106.23914388777109,39.673869545741844],[-106.23927173779897,39.673174408437085],[-106.23926976150534,39.672390555924004],[-106.23918372446069,39.671490465525594],[-106.23914905218567,39.671255027493942],[-106.23906864847615,39.671042765486888],[-106.23929736763233,39.670981127929572],[-106.23949397022048,39.670836944426036],[-106.23959801399498,39.670658238249324],[-106.23967143599809,39.670479851755822],[-106.23986654199298,39.67025281706583],[-106.24004571007809,39.669990409806566],[-106.24040740235418,39.669655027599632],[-106.24058635304698,39.669380799466794],[-106.24062976053982,39.66923824933604],[-106.24067020449054,39.668929973430146],[-106.24060173849287,39.668528150239382],[-106.24051646501619,39.668043616441899],[-106.24051074903605,39.667723996210654],[-106.24046183576883,39.667558752864018],[-106.24033590903399,39.667370665752152],[-106.24023935451399,39.667111210592147],[-106.24009832530258,39.666935121073948],[-106.23984774744061,39.666629956311283],[-106.23952290585409,39.666455819743433],[-106.23912106427467,39.666258825860567],[-106.23892004377196,39.666154410487032],[-106.23868732441782,39.665991129332077],[-106.23860694047126,39.665778865674042],[-106.23852929458967,39.665720497704129],[-106.23829675040702,39.665562293959802],[-106.23796651803048,39.665349568438586],[-106.23780124957776,39.665234202299878],[-106.2376313574963,39.665186458951169],[-106.23756532323806,39.665079041482372],[-106.23752818778254,39.664957803936716],[-106.23745696665188,39.66488648320022],[-106.23736094213788,39.66479305532355],[-106.23741830406037,39.664679657004555],[-106.23747497517837,39.664588956194855],[-106.23750865571333,39.664516515509021],[-106.23753052070732,39.664435194255312],[-106.23749362600029,39.664327468583487],[-106.23718438186205,39.664183784303631],[-106.23698293645622,39.664055691500877],[-106.23674982004674,39.66386873033742],[-106.23630331153645,39.663743247462676],[-106.2361937709707,39.663614176023209],[-106.23614401598205,39.663401582810536],[-106.23586369130776,39.6631440808478],[-106.2356465280794,39.662992474661884],[-106.23536746014818,39.662805999537603],[-106.23512049980185,39.662702068554452],[-106.23494907339786,39.662538135419332],[-106.23473147807985,39.662362844732066],[-106.23455928451462,39.662272323448214],[-106.23403993251625,39.662239957243905],[-106.2335495978982,39.662233326053112],[-106.23324453721422,39.66230760102389],[-106.23291032170772,39.662465077113694],[-106.232376355018,39.662589143965235],[-106.23179475695697,39.662618992809179],[-106.23121272860293,39.662625165473543],[-106.23095130088893,39.662568732529543],[-106.23077946305655,39.662381120061617],[-106.23054573758932,39.662158636768787],[-106.23026500777482,39.661877446144523],[-106.22992405759862,39.661656096059154],[-106.22958312179546,39.66143474664792],[-106.22930491355199,39.66129560537486],[-106.22892033310075,39.661204954064466],[-106.22838259528346,39.661115921559855],[-106.22813565110681,39.661011972820781],[-106.22781297266349,39.660956190695046],[-106.22733921735231,39.661020392486378],[-106.22686610164163,39.661120114443378],[-106.22659125130066,39.661170383383691],[-106.22633255266851,39.661267837528207],[-106.22598383386176,39.661472801220754],[-106.22546727742055,39.661715053202251],[-106.22537788696495,39.661858072507997],[-106.22506210309143,39.662192925497635],[-106.22497396488734,39.662406977428276],[-106.22464197271115,39.66269227362698],[-106.22430815336168,39.662873396577048],[-106.22333416669295,39.663238860823249],[-106.22304336227256,39.663253761940211],[-106.22295313099386,39.663349435222401],[-106.22252553202028,39.663424980024828],[-106.2223096237384,39.663344370454347],[-106.22174374888978,39.663397690189349],[-106.22157631190397,39.66345864782366],[-106.22128238044806,39.663295983367803],[-106.22092781540543,39.663169464229462],[-106.2206214880969,39.663172683311259],[-106.22033004677095,39.663152069428996],[-106.2200075596688,39.663108101793419],[-106.21971656031398,39.663111158367933],[-106.2196186205918,39.662768817725933],[-106.21942858648504,39.662415613375764],[-106.21930210099808,39.662191982234475],[-106.21900817942362,39.662029301657704],[-106.21880594260205,39.66185382987797],[-106.21844806097937,39.661537902928146],[-106.2182141576457,39.661303548527435],[-106.21820937681174,39.661031281688466],[-106.2182809617601,39.660746366595667],[-106.21836973147985,39.660567839020914],[-106.21842789469956,39.660389624261661],[-106.21839253611168,39.660121228647448],[-106.21847922353656,39.659824315982199],[-106.21856760069255,39.659622106755343],[-106.21874701761098,39.659371577642553],[-106.21885069397456,39.659169214253616],[-106.21898250287786,39.658824462615691],[-106.2190689917751,39.658515710777948],[-106.21901554920224,39.658090028277329],[-106.21907057730158,39.657734252209799],[-106.21908027641172,39.657414468105216],[-106.21918393750391,39.657212096911202],[-106.21919219212306,39.656809444822692],[-106.21923522052687,39.656643237569426],[-106.21924554127116,39.656358964865071],[-106.21907271080039,39.656112130222951],[-106.21888476617495,39.655877305113954],[-106.21857451951686,39.655655599690142],[-106.21823365018905,39.65543421584524],[-106.2180326683139,39.65532976336744],[-106.21783151575886,39.655213471032077],[-106.21772139038984,39.65504887070864],[-106.21751982281313,39.654908897015666],[-106.21718123340952,39.654817724149332],[-106.21681180933376,39.654715044045183],[-106.21642895005462,39.654719054038665],[-106.21561706527723,39.654715707305584],[-106.2152184675143,39.654696202329085],[-106.21445086608719,39.654597660685887],[-106.21400674260398,39.654602304208041],[-106.21347238604542,39.654702609467591],[-106.21310586442634,39.654765652386416],[-106.21265955085049,39.654808948929251],[-106.21240300458174,39.654802617878332],[-106.211527680779,39.654739674586033],[-106.21121253920093,39.654715922398353],[-106.21043060874669,39.654661003862273],[-106.21019194613865,39.654559247527345],[-106.20993097566715,39.654526448215705],[-106.20960978573225,39.65455346214042],[-106.20936412973971,39.654520514128031],[-106.20942993313091,39.654780305656942],[-106.20924800542126,39.654888770331866],[-106.20895723334017,39.654903627602671],[-106.20866769734097,39.654989533024079],[-106.20843921084847,39.655062945730506],[-106.20824197764298,39.655171558658523],[-106.20786199027781,39.655341268307843],[-106.20757265819614,39.655438997633112],[-106.20737295282701,39.655405556925004],[-106.20707825241323,39.655195490508675],[-106.206922017419,39.655019518631789],[-106.20671922543858,39.654808502837056],[-106.20650296052548,39.654704189120373],[-106.20627201354742,39.654635555109934],[-106.20578193854249,39.654640643339611],[-106.2055505675596,39.654548323416201],[-106.20519607528048,39.654421755065798],[-106.20490591944372,39.65447212985444],[-106.2046739367081,39.654344298465695],[-106.20445932110188,39.654334684941468],[-106.20422919787893,39.654313384410109],[-106.20381570425198,39.654317671766776],[-106.20354025832798,39.654332375620548],[-106.20306589575567,39.654360967206948],[-106.20289846236312,39.654421897539429],[-106.20260748546619,39.654424910234425],[-106.20237612166981,39.654332584489985],[-106.20217416422426,39.65416891990855],[-106.20189645005418,39.654053394705315],[-106.20161914910913,39.653961541535608],[-106.20141820675985,39.653857058475843],[-106.20108005124251,39.653789503944068],[-106.20052606649499,39.65364132292521],[-106.20023121336759,39.653419411140355],[-106.19999883178001,39.653267885291505],[-106.19959900602011,39.653177293998212],[-106.19930784047695,39.653168462547647],[-106.19910712180818,39.653075813515649],[-106.19899500846746,39.652792813274395],[-106.19893006386567,39.652580362449726],[-106.19886697159002,39.652474451834166],[-106.19848083166346,39.652288994783227],[-106.19812800845415,39.652257099752802],[-106.1978374474772,39.652283791568046],[-106.19780373370456,39.652106535506313],[-106.19761671075062,39.651919020517113],[-106.19745621774196,39.651494431002696],[-106.19728286355338,39.651212053690699],[-106.19708295785995,39.651166758095151],[-106.19674789254718,39.651276771513579],[-106.19664007854342,39.651242366704771],[-106.19637790432942,39.651138504788996],[-106.19610306925982,39.65118869245763],[-106.19557054436615,39.651395459430574],[-106.19538535307706,39.651314482395719],[-106.19512440147017,39.651281651803522],[-106.19475645422473,39.651261758533344],[-106.19409896738684,39.651327716439219],[-106.19382535133106,39.651448928097338],[-106.19346128211272,39.651653953415668],[-106.19317357328677,39.651846354215415],[-106.1930831084461,39.651930165678365],[-106.1928519665336,39.651849658897049],[-106.19268351445152,39.651851388702035],[-106.19239254653772,39.651854376609876],[-106.1918745060797,39.652013611851771],[-106.19153963210807,39.652135456543476],[-106.19122087031938,39.652304482697588],[-106.19100708475649,39.652342201318831],[-106.19058052243879,39.652476815164974],[-106.19038488194633,39.652680103500821],[-106.19023458122288,39.652847401309714],[-106.1900234232322,39.653039007559258],[-106.18978103980223,39.653195399540323],[-106.18955355133799,39.653327988014048],[-106.18916261530612,39.653439074860223],[-106.18876962842047,39.653167878810116],[-106.18842926933574,39.652970088325453],[-106.18826121790227,39.652995487201693],[-106.18780542530349,39.653213262314971],[-106.18765309169257,39.653262193166746],[-106.18720613941454,39.653100989647264],[-106.18677510797829,39.652975157311964],[-106.18612805507239,39.65275681361522],[-106.18543506322118,39.652538919485423],[-106.18501915043117,39.652401085485188],[-106.18436002596448,39.65237228352121],[-106.1840251367215,39.652494106139933],[-106.18355119276413,39.652546284051397],[-106.18359270121847,39.652285384417297],[-106.18358846296697,39.652036787445631],[-106.1837510706098,39.65169175884769],[-106.18379235448531,39.651419020480503],[-106.18395475821058,39.65106216429664],[-106.18410326320176,39.650788314029391],[-106.18417597733244,39.65056262147381],[-106.184218885362,39.650384588414653],[-106.18407440751821,39.649995334202814],[-106.1838694667676,39.649654060161723],[-106.1836655474015,39.649371973442534],[-106.18382855479464,39.649050627586874],[-106.18384163426518,39.648920255335184],[-106.18372959009471,39.64863723047403],[-106.18370844285462,39.648457824315159],[-106.183541493654,39.648384589272837],[-106.18335550466095,39.648256236166404],[-106.18318403064626,39.648080387036707],[-106.18293659329453,39.647940821161207],[-106.18276634548018,39.64783599284268],[-106.18253442472833,39.647708115290001],[-106.18228537490064,39.647473850259914],[-106.18191402304029,39.647252678846321],[-106.18171232520785,39.647100794326256],[-106.18172140088718,39.646733670444675],[-106.18156363516373,39.646462938504989],[-106.18142219182897,39.646251256767961],[-106.1814326661852,39.645966993206358],[-106.18136737932528,39.645730846368963],[-106.18119290942911,39.645377420759033],[-106.18112861880087,39.645200470019446],[-106.1809704703951,39.644906080275739],[-106.18086206979146,39.64483613957114],[-106.18058120702628,39.644531150456878],[-106.18046676794731,39.644106068718401],[-106.18056912558403,39.643820860433074],[-106.18050545479332,39.64367942936429],[-106.18022540500351,39.643421797895094],[-106.17997699208135,39.643223036697492],[-106.1799294280837,39.64312879787888],[-106.17967982399547,39.642859007111419],[-106.17946283324366,39.642707292791911],[-106.17936772590957,39.642518813620654],[-106.17933148517606,39.642187659525121],[-106.17927932000751,39.641821139738283],[-106.17928517881981,39.641264595585383],[-106.17935368703832,39.640790296790129],[-106.17942602657152,39.640540913462544],[-106.1794528152316,39.640315679990884],[-106.1796732537175,39.639768796690333],[-106.17980643075499,39.639495125826421],[-106.17990979180989,39.63926910448042],[-106.17994027613905,39.639098875287104],[-106.17987199878758,39.638847980557152],[-106.17969593168682,39.638399846987561],[-106.17953838515231,39.638140957559159],[-106.17919511103447,39.637765564229674],[-106.17885222948041,39.637413833611035],[-106.17827890310653,39.637017093118175],[-106.17804741624094,39.636912870854758],[-106.17768865516763,39.636525789148934],[-106.17736188938976,39.636221257330426],[-106.17705187449701,39.635999437679871],[-106.17678838065787,39.635812662824051],[-106.17661635597591,39.635601272943425],[-106.17639758835645,39.635343019190941],[-106.17622496449819,39.63509611781749],[-106.17618812997829,39.63472945044979],[-106.17627398196998,39.634373379132519],[-106.17635961836602,39.634005460575409],[-106.17635560559165,39.633768700751823],[-106.17638268710252,39.63355885432032],[-106.17660812111968,39.633307929808915],[-106.17671087940505,39.633046398581385],[-106.17678342465244,39.632808863386579],[-106.17696031910157,39.632404504230692],[-106.17712551479075,39.632213385279577],[-106.17731893105454,39.631879900827279],[-106.17755826021256,39.631545950537109],[-106.17764671013207,39.63134377067702],[-106.1777649724409,39.631093931950559],[-106.17776015387773,39.630809812950346],[-106.17753899134972,39.630409488106217],[-106.17725598250935,39.6299742716282],[-106.17714301936238,39.629632052624487],[-106.17707274595433,39.629099956662394],[-106.1769889852406,39.628674560062429],[-106.17679543961938,39.628096357282928],[-106.17668205606083,39.62773046370507],[-106.17669115958793,39.627363320714082],[-106.17668494144954,39.626996333526769],[-106.17672524885634,39.626664402144513],[-106.17676715975591,39.626427175765329],[-106.17677905704355,39.626225771790182],[-106.17668220158792,39.62593075536703],[-106.17638492480589,39.625554877170742],[-106.17624213579487,39.625260316624377],[-106.17614346574234,39.624858746742767],[-106.1763467517962,39.624205480110994],[-106.17641808341966,39.623896909953032],[-106.1764146761098,39.623695661907924],[-106.17646888584392,39.623280703767826],[-106.17651669148842,39.622486931771149],[-106.17642056276983,39.621331116146408],[-106.17641690662664,39.620952101246694],[-106.17635700337024,39.620289822309992],[-106.17636529392199,39.6198753301992],[-106.17627854271669,39.619272365748877],[-106.17609993607863,39.618670321219085],[-106.17610193572845,39.617884111638176],[-106.17614233117015,39.616652318836991],[-106.17607978417186,39.615670216051605],[-106.17607036803106,39.615113823426292],[-106.17607645681205,39.614569115209143],[-106.17616067027667,39.614118327550976],[-106.17636754330346,39.613678146425578],[-106.17660963388263,39.613509936576861],[-106.17741101376107,39.612921643173841],[-106.17768150008639,39.612622893239369],[-106.17796628399776,39.612264802965484],[-106.17806659078069,39.611861215798307],[-106.1780625762097,39.611624455634534],[-106.17792220995497,39.611471960694097],[-106.17777965720086,39.611189237273798],[-106.17778714915033,39.61072739553294],[-106.17787535921964,39.610513370469441],[-106.17791586695076,39.610193282180667],[-106.17780231091569,39.609815543361812],[-106.17770115881808,39.60947975502993],[-106.17779348317138,39.609294662292939],[-106.17812074032771,39.608734854932806],[-106.17832900304825,39.608377540440436],[-106.17873560390203,39.607982684783991],[-106.17934376334937,39.607739710954078],[-106.17969174284266,39.607499366209304],[-106.180142844439,39.607021180288037],[-106.18108267536398,39.60647882105259],[-106.18176471136198,39.606081152935204],[-106.18212738280174,39.605805143075244],[-106.18222987159251,39.60553177181707],[-106.18250052051289,39.605244847939737],[-106.18283399221434,39.605052017821045],[-106.183042397767,39.604706522982028],[-106.18335873500271,39.60440730156273],[-106.1837379174774,39.604202154189231],[-106.18416299128671,39.603996538332254],[-106.18432506443193,39.603627835346501],[-106.18448795414578,39.603306488077997],[-106.18465327649741,39.603127204518685],[-106.18481979540501,39.603018943134082],[-106.1848771708022,39.602793396481921],[-106.18500387457976,39.602141676170874],[-106.18527566436055,39.602824848514537],[-106.18541642317905,39.603001018946621],[-106.18558677699458,39.603117682850311],[-106.18583486652322,39.603304586102581],[-106.18610972405072,39.60326626419409],[-106.18639887197772,39.603168587112613],[-106.18667433496971,39.603165774287461],[-106.18707465120977,39.603303773541029],[-106.18744254635291,39.603335531955686],[-106.18787225546906,39.603402182705203],[-106.18830237062375,39.603492497282296],[-106.18846888593806,39.60338423231601],[-106.18866702913691,39.603334848130793],[-106.18897491861571,39.603438258578443],[-106.18948378547809,39.603658012793908],[-106.18977657787021,39.603773415229107],[-106.1900842670247,39.603864986913585],[-106.19051378030811,39.603919790749018],[-106.19116099760571,39.604173638072055],[-106.19151662894859,39.604383112664543],[-106.19197879239934,39.604555979112476],[-106.1923177016032,39.604682741845224],[-106.19265703211694,39.604833176084902],[-106.19359584974228,39.605131382411194],[-106.1941512628111,39.605386163793973],[-106.19467158588827,39.605380814475637],[-106.19522374795407,39.605446178009487],[-106.19586834845923,39.605546107459688],[-106.19640561735594,39.605635288337005],[-106.1967743425424,39.60571437264754],[-106.19702042074313,39.605782883564814],[-106.19745209986469,39.605735266653866],[-106.19781724885803,39.605833865460106],[-106.19815557595359,39.605925100133327],[-106.1986920345699,39.605966930922961],[-106.19899831606435,39.605975609216792],[-106.19978126430981,39.606109605977586],[-106.20018141705647,39.606235712522469],[-106.20056832773754,39.60648036581771],[-106.20076625264576,39.606419114332198],[-106.20110089215711,39.606297254160431],[-106.20149614010232,39.606139248040385],[-106.20175467164786,39.606041851852645],[-106.20186139330022,39.60601706762413],[-106.20208869221993,39.605884467352219],[-106.20223927591269,39.605740829805711],[-106.20257352196192,39.605595292125109],[-106.2031207639549,39.60537650193784],[-106.20333501035354,39.605374281648643],[-106.20371412455626,39.605169070004976],[-106.2039718287534,39.605024313211018],[-106.20447255059108,39.604770480772338],[-106.20497367667066,39.604540321318673],[-106.20545764043671,39.604203776522795],[-106.2056239239857,39.604083648989018],[-106.2057445066429,39.603975835519662],[-106.20603403815055,39.603901785816142],[-106.20610107043707,39.603758190529405],[-106.20605849388585,39.60354632966434],[-106.20600312891825,39.603002256481858],[-106.20601247409216,39.602658786299628],[-106.20591594023341,39.602387467966032],[-106.20618770036978,39.602171524114077],[-106.2067781477347,39.601798341533829],[-106.20718742466971,39.601569125982003],[-106.20750425867378,39.601305352668348],[-106.20765113052779,39.600948613086238],[-106.20777025252437,39.600757940222017],[-106.2080103668099,39.600483114193509],[-106.20864567873504,39.600050260139177],[-106.2087941765397,39.599788233604812],[-106.2088674027101,39.599598027527925],[-106.20913708234826,39.599263694426661],[-106.20925434483222,39.598966467869843],[-106.20921180151868,39.598280174490661],[-106.20919217692298,39.598031736436994],[-106.20949286370981,39.597720760537612],[-106.20983678641129,39.597255413690078],[-106.21010356898269,39.596755343853268],[-106.21014019958504,39.596222154106243],[-106.21024030963692,39.595818550957247],[-106.21038322890368,39.595236886064654],[-106.21077035338377,39.594617158865958],[-106.21092670875224,39.593928801789559],[-106.21121913463175,39.593144293098753],[-106.21156259919242,39.592655267994587],[-106.21170653175882,39.592132796521959],[-106.21177116015362,39.591450124431354],[-106.21173915407834,39.590491400335956],[-106.21161183854808,39.589332385276506],[-106.21149605828438,39.588812729843525],[-106.21114805992646,39.588273881178687],[-106.21091997408257,39.587561084228668],[-106.21076138729894,39.587300507182832],[-106.21075391870566,39.586871471832566],[-106.21102534466877,39.586534902796444],[-106.21165978612638,39.585813112215831],[-106.21216766933351,39.584901925461978],[-106.21249736721245,39.584374020348285],[-106.2127088396135,39.584133423513066],[-106.21314309959487,39.583274682300633],[-106.21330025266731,39.583102640616836],[-106.21351664424283,39.582883510751557],[-106.21367271574368,39.582649518484921],[-106.21390776442935,39.582352739205056],[-106.21404220090487,39.582026027962399],[-106.21403355102699,39.58153041976999],[-106.21396945982474,39.581298729154909],[-106.21370087972444,39.580821315711582],[-106.21391753540468,39.58061767705702],[-106.21377256438582,39.580340356864617],[-106.2136449056991,39.579907955071356],[-106.21360211714548,39.579366075893425],[-106.21372491145493,39.578756154791634],[-106.21416415169627,39.577543286838129],[-106.21441244693909,39.5768591056014],[-106.21456660951995,39.57651669602447],[-106.21477621791678,39.575910361431184],[-106.21476837652266,39.575461220019406],[-106.21462314409405,39.575168415561606],[-106.21427616712063,39.574784770518924],[-106.21381045801947,39.574479823718477],[-106.21328417192541,39.574144523950721],[-106.21225378363327,39.573597608004498],[-106.21166693132615,39.573231956098795],[-106.21095597496587,39.572635222499159],[-106.21030372261114,39.571960432215789],[-106.20995434803422,39.571437386462499],[-106.20976696036426,39.571021079913493],[-106.20968100057472,39.570681176583598],[-106.20976274367231,39.570161613957119],[-106.20976952864764,39.569882232703833],[-106.20988171205697,39.569637783224515],[-106.20997201070934,39.569474659928183],[-106.21008449235931,39.569248236113118],[-106.21012932907178,39.569148658704222],[-106.21017087435702,39.568859893104417],[-106.21017970659291,39.568697621109045],[-106.21015406597975,39.568562735547772],[-106.20996993021113,39.568015029762492],[-106.20993125414489,39.567799180282961],[-106.21002786615706,39.56732964996295],[-106.21004880768297,39.567194270763942],[-106.21005847625035,39.567081534430301],[-106.2100088667888,39.566906364027695],[-106.20984200202983,39.566682838926667],[-106.20969857341831,39.566468090528154],[-106.20966193203618,39.566369361593864],[-106.20967108047904,39.566225105424621],[-106.20969892825285,39.565819352523057],[-106.20967362630455,39.565702484538114],[-106.20963604708126,39.56554968351098],[-106.20959925208723,39.565441956191826],[-106.2093485718173,39.56508415106957],[-106.20928835504886,39.564967648185366],[-106.20924006521246,39.564869037612311],[-106.20921459797414,39.56474317155044],[-106.20920076751203,39.564617165371622],[-106.20922139552592,39.564463768464286],[-106.209254902686,39.564382330279074],[-106.20937995895332,39.564209836578165],[-106.20946576243601,39.564123346837732],[-106.20952688111299,39.563956024953804],[-106.20949530892403,39.563478818246821],[-106.20916167013593,39.562677868202485],[-106.20884807545674,39.561906585825334],[-106.20858095332218,39.561506603592825],[-106.20829705245474,39.561292691001562],[-106.20779010529215,39.560910689481325],[-106.20746456391801,39.560604261914406],[-106.20713529992535,39.560080996137692],[-106.20672653053846,39.55958953189063],[-106.20646023395564,39.559236010597694],[-106.20617233828013,39.558789764172545],[-106.20602771401094,39.558527926509299],[-106.20572061055803,39.558128353499924],[-106.20523583830823,39.557870034440448],[-106.20469400417323,39.557782714001902],[-106.20391208180386,39.55769786806465],[-106.2033118149546,39.557704084027293],[-106.20243143723006,39.557713198462856],[-106.20175115025194,39.557720235138753],[-106.20089238150156,39.557822059775823],[-106.20029265813302,39.557859232888951],[-106.19993251365416,39.557862952761759],[-106.19925382388061,39.557962905827999],[-106.1988336396014,39.557967242787342],[-106.19837104316269,39.557832592610055],[-106.19781053125634,39.55782288187438],[-106.19727243321461,39.557952352928602],[-106.19700673401145,39.557629789558796],[-106.19653961904687,39.55723183757928],[-106.19607702170985,39.557097176970686],[-106.19617174995487,39.556786389289243],[-106.19656286385317,39.556255676955125],[-106.19675948979749,39.556052266728869],[-106.19715432002612,39.555738386035834],[-106.19729038245232,39.555504622818567],[-106.19752514906698,39.55519239152575],[-106.19779646902886,39.554678394380446],[-106.19776873983268,39.554229446501949],[-106.19768258331209,39.553874046504653],[-106.19761563456893,39.553471975387893],[-106.19747132021853,39.553225612501898],[-106.19740437327197,39.552823539704903],[-106.19749721415658,39.55240433284046],[-106.19767034646129,39.55199978878089],[-106.19770237679106,39.551534732665459],[-106.19769784838373,39.551271433137032],[-106.19761276355328,39.550977984180157],[-106.1973376185649,39.550608871616781],[-106.19769040404495,39.550226629779871],[-106.1980604326869,39.550078601041598],[-106.19881187791366,39.549903975764835],[-106.19943601120337,39.549847475814694],[-106.20006132128613,39.549857707165344],[-106.20105066734955,39.549730669577151],[-106.20174206648778,39.549823652990952],[-106.20221361284166,39.549668585208337],[-106.20298111814904,39.54917670847103],[-106.20355895945555,39.548937094292803],[-106.20486813630286,39.548606471264719],[-106.20613591249365,39.548376384309222],[-106.20716719191455,39.548182111691816],[-106.20800218854757,39.547856370571225],[-106.20894088310371,39.547295919232667],[-106.21005168498682,39.546716980854342],[-106.21049525331118,39.546195037975934],[-106.21076846063349,39.545791700424587],[-106.21108359233011,39.545321170465989],[-106.21098491329445,39.544604631738672],[-106.21081985774246,39.543788663676523],[-106.21068178398835,39.543298780498574],[-106.21086478518477,39.542653442560109],[-106.21111091818273,39.541933310042637],[-106.21094963106334,39.541334241341012],[-106.21089927240683,39.540917578820341],[-106.21129826453019,39.540312669698096],[-106.21165995770461,39.540041893549919],[-106.21184924351475,39.539772921691799],[-106.21173367166017,39.539323567003528],[-106.21128297430572,39.538193509582612],[-106.21103477697925,39.537376020984077],[-106.21069836958343,39.53573460783722],[-106.21065269025124,39.534876866884289],[-106.21072639522367,39.533803325646623],[-106.21104468809177,39.53263187976264],[-106.21139789757665,39.531698459752711],[-106.21135178705312,39.530816892238747],[-106.21121707299817,39.530150788209667],[-106.21300517316446,39.530713701150539],[-106.21413639824556,39.531010289201994],[-106.21508643852374,39.531252374318335],[-106.21541922481063,39.531337177074533],[-106.21673304594795,39.531865758979023],[-106.21716034847746,39.531957000272357],[-106.21798268425486,39.531863310467372],[-106.218848233489,39.531886133447131],[-106.21949317894722,39.531858104435223],[-106.22042571375547,39.531784516013637],[-106.22136955206491,39.531572550133582],[-106.22165508786617,39.531410041250446],[-106.2220937109649,39.531362894951648],[-106.22319043894247,39.531255650807736],[-106.22397379322639,39.5312899323416],[-106.22477236856452,39.531409130847074],[-106.22507742835018,39.531576062175915],[-106.22547861326112,39.532081150760987],[-106.22588964460589,39.53269664124921],[-106.22639723855551,39.533549501843893],[-106.22685279669395,39.534069164138984],[-106.22775315654366,39.535370820873332],[-106.2283219176793,39.536199183737452],[-106.22843805367586,39.536674747049254],[-106.22833935397894,39.537188330262325],[-106.22845360171678,39.537556636453097],[-106.22873937108001,39.538048281727214],[-106.22941424301362,39.538780163843789],[-106.23040136664505,39.539759046986156],[-106.2313063123943,39.540440808696083],[-106.23191270844873,39.540780047634328],[-106.23247293019926,39.541119781617596],[-106.23327542848023,39.541230463885768],[-106.23358326585672,39.541227197565739],[-106.23374794681126,39.541833352585265],[-106.23389702762255,39.542427752768248],[-106.23457051794725,39.543076176849915],[-106.23504772009416,39.543941239018046],[-106.23544965420004,39.544902464130111],[-106.2356333506925,39.545711052167313],[-106.23568799521124,39.546356928300796],[-106.23563550125928,39.546700357533062],[-106.23549192981564,39.547285944492387],[-106.2353483422023,39.547871534822001],[-106.23530660916914,39.548122297241619],[-106.2357082998316,39.548201449968495],[-106.2361414503936,39.548316049131095],[-106.23646768526714,39.548479453551295],[-106.23671524478975,39.548548332075121],[-106.23688458620397,39.548546531112976],[-106.23725143660643,39.548536031502643],[-106.2373766581638,39.548480636646048],[-106.23751485229214,39.548398072099772],[-106.23768699195847,39.548261080097383],[-106.23815687822571,39.547850620595682],[-106.23843229809854,39.54763144233862],[-106.2385236235253,39.547531357321795],[-106.23859247849352,39.547476564302038],[-106.23873099960862,39.547412017484625],[-106.2391334502458,39.547137422517807],[-106.2392601621082,39.547063981905708],[-106.23951454703035,39.546971168659688],[-106.24044045496676,39.546681975451769],[-106.24062534352358,39.546607921320636],[-106.24186159423782,39.545830607590283],[-106.24322294793174,39.544814804563742],[-106.24418524572199,39.544387329503266],[-106.24474255513438,39.544214465347153],[-106.24534416406664,39.54410789983617],[-106.24594874282928,39.544168177021191],[-106.24677391189309,39.544509767528631],[-106.24733657975612,39.544637222685822],[-106.24765983671448,39.544633752867334],[-106.24804324127101,39.544379327209668],[-106.24894983183553,39.543251524509884],[-106.24975483012794,39.542356409636234],[-106.24986303130559,39.542224599184841],[-106.24995829135327,39.54202084855509],[-106.24998964076003,39.541822279751891],[-106.2499721990705,39.541498102097293],[-106.24995764366793,39.541336068814829],[-106.2499321099543,39.541210203693097],[-106.24990205322321,39.540832092241509],[-106.24989979126532,39.540705974042631],[-106.24993178656081,39.540543440818105],[-106.24997703200671,39.540470881343694],[-106.25000951329076,39.54033538044402],[-106.25023446940421,39.539900465909156],[-106.25033610030388,39.539728181506],[-106.25038037467098,39.539601562508928],[-106.25059322957921,39.538744915430037],[-106.25101251194988,39.538089584025393],[-106.2517962875437,39.537330208200338],[-106.25303254185118,39.536565946081716],[-106.25396920441815,39.535921721920182],[-106.25456381727101,39.535431370992285],[-106.25586676070856,39.534783168549005],[-106.25637545868766,39.534310423833062],[-106.25688595599225,39.533937777199412],[-106.25737791117109,39.533732205746183],[-106.25767744991099,39.533612150045457],[-106.25799913661425,39.533525234865181],[-106.25756129325319,39.53314616008349],[-106.25688493370946,39.532686221688316],[-106.25627080944862,39.532092112215167],[-106.25538103085465,39.53054978583517],[-106.25501040573135,39.529829608805741],[-106.254676663637,39.528094232260237],[-106.25450501175588,39.527375265874959],[-106.25460041733065,39.526690043706097],[-106.2549552482746,39.526052089434906],[-106.2551808188357,39.525415530364093],[-106.2551550686281,39.525182183291825],[-106.25508474491438,39.524865877036262],[-106.25532913518069,39.524078923787073],[-106.25557052866721,39.523125126787228],[-106.25582083433967,39.521470350670391],[-106.25589529120199,39.520818735358169],[-106.25592815606667,39.520251005125346],[-106.25583658090829,39.519951622132695],[-106.25547898315322,39.519237917709447],[-106.25498723907849,39.51884634197858],[-106.25470420508532,39.518633152306194],[-106.25444541392669,39.518473754408781],[-106.25395236370152,39.518226789817781],[-106.25335433545393,39.517962928039644],[-106.25266276833078,39.517673038793568],[-106.25208882301766,39.517453969674541],[-106.25166768382931,39.517323344074413],[-106.25059071699137,39.516988045905755],[-106.25033369102228,39.516887175892869],[-106.24994681896877,39.516720152425975],[-106.24933635713933,39.516411352304949],[-106.24852491163814,39.515925242675323],[-106.24758015255553,39.514900759317214],[-106.24711675751452,39.514288284425582],[-106.24675599679136,39.513391030953002],[-106.24635456394542,39.512627708435645],[-106.24660290230739,39.51205766649128],[-106.24681024784802,39.511604871639349],[-106.24680130242442,39.511104345481925],[-106.246750456881,39.510671006810604],[-106.24708584648559,39.510150101402665],[-106.24725040616755,39.50971445025862],[-106.24776619634582,39.508440663632001],[-106.24790860177623,39.507971877278635],[-106.24800376390753,39.507269982698006],[-106.2482311310992,39.506733536169662],[-106.24845879383659,39.506213772582058],[-106.24857995321223,39.505761909992692],[-106.24868048098074,39.505360326746782],[-106.24878159355248,39.504992114548742],[-106.24915523432018,39.50420378278298],[-106.24997515362945,39.503076899467402],[-106.25076065398862,39.502434323421966],[-106.25112109940312,39.502113376276107],[-106.25169749801528,39.501823497140506],[-106.25235676082251,39.501349129275226],[-106.25312426702821,39.500906982174733],[-106.25337341028069,39.500386978151454],[-106.25381574611647,39.499829849936887],[-106.25408701487441,39.4993429858837],[-106.2543618795884,39.499056335770511],[-106.25489426793817,39.498716825745987],[-106.25538688607367,39.49856132632793],[-106.25615855866567,39.49835273048901],[-106.25673641704016,39.498146233668365],[-106.25720839278877,39.498041009460202],[-106.25774376713852,39.497868341845084],[-106.25797644606847,39.497632198809107],[-106.25831108647812,39.497077885745789],[-106.25853923430579,39.496591471017219],[-106.25844377123884,39.496075196018388],[-106.25848051952049,39.495724354865708],[-106.25882266355769,39.495587146625581],[-106.25920547253119,39.495316001972043],[-106.25950303946905,39.495095832941566],[-106.2596723063231,39.494927130119827],[-106.25962377304324,39.494725269741551],[-106.25901477187446,39.494296782674276],[-106.25816712247068,39.493872075885484],[-106.25714902223332,39.493549344351948],[-106.25658311145212,39.493221706719929],[-106.25617037151166,39.493025916179313],[-106.25485470074318,39.492923316425127],[-106.2530892192574,39.492959045630627],[-106.25170628443706,39.492706937357688],[-106.25055926966823,39.492400553900296],[-106.24986511988861,39.492124323682894],[-106.2492361743239,39.491880771856373],[-106.24852168578795,39.491671509172875],[-106.24782933084228,39.491495378912816],[-106.24724375773613,39.491268028892499],[-106.24656728230974,39.490774659688839],[-106.24606397422234,39.490329474712205],[-106.24551791081902,39.48990145831489],[-106.24561842421447,39.489499879099384],[-106.24618998719548,39.488943060179196],[-106.24639429193884,39.48832342856111],[-106.2464547153198,39.488089154771906],[-106.24668650671424,39.487802975442712],[-106.24728169718385,39.487460899371825],[-106.24748952062818,39.487174848488856],[-106.24762622534982,39.486894064068338],[-106.24792003732979,39.486498969221451],[-106.24832805123351,39.486008037798513],[-106.24871494484661,39.485454261573892],[-106.24907433563895,39.484806173013013],[-106.24937800034098,39.484068570727565],[-106.24968826676201,39.48337595484179],[-106.2498122037285,39.482951143903755],[-106.2499427882281,39.482593838422019],[-106.25003732872523,39.48227295082043],[-106.250096714552,39.481956954653477],[-106.25007798467834,39.481682346280934],[-106.24992415716909,39.481431715551196],[-106.24974809815319,39.481298454072849],[-106.24965056985941,39.481128308885175],[-106.24974604101118,39.480661184723822],[-106.24995029095733,39.480041546565893],[-106.25023407953537,39.479053925630339],[-106.25055075813091,39.477498565452414],[-106.25065123918702,39.477096981177958],[-106.25086145035338,39.4768110263445],[-106.25126122401103,39.476289411607347],[-106.25149235694036,39.475969856067636],[-106.2515940264676,39.475635003932375],[-106.25138561822,39.474819554777618],[-106.25137455636556,39.474202229834574],[-106.25119211302295,39.473395824208183],[-106.25092592244133,39.472712536215397],[-106.25087668578061,39.47255989037523],[-106.25080016997966,39.472182285857102],[-106.25077159906205,39.471885256656165],[-106.25069847080802,39.471696826589074],[-106.25059043222542,39.471405150115373],[-106.25045762170056,39.470784873355868],[-106.25039806160059,39.470298962604517],[-106.25040850721074,39.469888877222431],[-106.25049730567656,39.469450925936258],[-106.25059017530727,39.468774162233991],[-106.25087947145632,39.468199990190016],[-106.25107650613411,39.467179906732063],[-106.25136680749794,39.466559348889149],[-106.25142272492943,39.466074788001606],[-106.25141585012256,39.465691055854485],[-106.25128040573728,39.465342068414742],[-106.25116891043747,39.465126329634984],[-106.25099072870256,39.464794499653998],[-106.25076651549585,39.464296268333705],[-106.25050075071569,39.463881944137199],[-106.25003975866807,39.463386266786124],[-106.24951661308425,39.463024756494576],[-106.2489746217441,39.4628136412502],[-106.2486281460306,39.462700564092771],[-106.2481719563765,39.462471818175302],[-106.24791127785744,39.462341120449182],[-106.24762937663982,39.462227325404967],[-106.24689546203585,39.462118380792219],[-106.24574782563285,39.461746863018455],[-106.24533588519299,39.461584406507569],[-106.24516191655677,39.461486140111951],[-106.2448621334751,39.461244450669909],[-106.24479110817715,39.461173129573446],[-106.24435004166085,39.460556143381041],[-106.24406583267127,39.460261840171839],[-106.24347545447665,39.459745558320606],[-106.24293174106609,39.459237788967975],[-106.24278908051414,39.45905910121958],[-106.24260585024733,39.458682638579226],[-106.24254534062808,39.458548121847606],[-106.24252987523217,39.458332041574721],[-106.24252827263771,39.458241957587518],[-106.24251488953661,39.458142987344942],[-106.24248988762561,39.45804413348317],[-106.2424534232116,39.457954418802139],[-106.24235773107426,39.457802267016504],[-106.24227463331724,39.457704043832081],[-106.24192038987147,39.457392467962713],[-106.2416855585781,39.457259822813263],[-106.24142765764991,39.457136434749792],[-106.24095754500722,39.456844105610848],[-106.24068733536303,39.456702824174762],[-106.24040618513698,39.456579687592601],[-106.24005373472852,39.456367191961618],[-106.23904124177515,39.455639135234783],[-106.2386852367331,39.455246470138782],[-106.23862750919632,39.455165992806329],[-106.23850661751865,39.455005094738432],[-106.23843465797282,39.454879718948483],[-106.23836190251963,39.454709299679081],[-106.23831237570309,39.454538630984629],[-106.2382567951398,39.454025620803066],[-106.23828910394731,39.453881122871373],[-106.23836821228618,39.453754137238811],[-106.23860585171315,39.453391196602077],[-106.23875068708639,39.453038252754205],[-106.23884824322793,39.452640765409733],[-106.23894372246454,39.452126161826456],[-106.23899835261024,39.451909336070557],[-106.23901838504106,39.451728906500627],[-106.23899132419145,39.451512949339055],[-106.2389532706577,39.451333150654555],[-106.2388443804722,39.451091032660599],[-106.23866385682936,39.450741557903946],[-106.23844895376223,39.450419466951388],[-106.23824838601045,39.45025040951333],[-106.23816481304462,39.45012515487516],[-106.23788718870604,39.44954244395403],[-106.23776779002837,39.44936351836332],[-106.23766082223761,39.449229486533767],[-106.23728309413538,39.448900126540188],[-106.23716418863279,39.448748215786672],[-106.23693811860839,39.448211365613169],[-106.2368612192268,39.447762112397868],[-106.23665278402973,39.447411119795881],[-106.23640303082118,39.447089405372083],[-106.23634238465803,39.446945886410475],[-106.23631648982168,39.446774948262387],[-106.23627540986371,39.446423993693848],[-106.23622496227401,39.446199275317355],[-106.23604524801321,39.445894835399677],[-106.23596168492885,39.445769579863672],[-106.23586734116274,39.445671470812641],[-106.2355249770383,39.445368749673818],[-106.23501834877763,39.444977680460077],[-106.23472454667913,39.444791584028366],[-106.2342187745129,39.444427524187802],[-106.23398320839763,39.444249817497123],[-106.23380606511519,39.444089512306533],[-106.23363990553372,39.44389304861128],[-106.23332975679197,39.443418785077448],[-106.23324635989594,39.443302537299303],[-106.23315039287414,39.443132359553594],[-106.23293363119274,39.442702164419437],[-106.23277898172498,39.442478539153917],[-106.23260853987453,39.442038842683516],[-106.23217904725236,39.441385644715041],[-106.23202451905719,39.441189046436492],[-106.23188271729465,39.441055395698086],[-106.2317649481609,39.440966540188548],[-106.2316244067347,39.440904955927877],[-106.23143788234574,39.4408708892703],[-106.23122827664386,39.440846078632049],[-106.23105448138249,39.440874948410048],[-106.23041563638334,39.44089071945951],[-106.23022926919955,39.440865652140261],[-106.2300661378389,39.440840347548885],[-106.22982072978137,39.440761850878907],[-106.22963393050793,39.440691742291627],[-106.22926996549417,39.440479344552685],[-106.22902233230968,39.440274725962119],[-106.2287874354393,39.440133032805065],[-106.22862256583858,39.440008632025091],[-106.22813862992029,39.439581249542748],[-106.22799652273055,39.439429576541805],[-106.2276301969442,39.439082032990747],[-106.22735965312671,39.438895673823097],[-106.22715920035928,39.438708572513484],[-106.2269935348512,39.438539125882052],[-106.22677936840263,39.438253046605602],[-106.22651807543593,39.437931432794784],[-106.22636420211262,39.437770870237721],[-106.22621064409795,39.437628326958638],[-106.22609308876324,39.437530451345175],[-106.2258351312412,39.437398017425309],[-106.22537932067614,39.437123502391579],[-106.2252610934016,39.437007604877188],[-106.22511915868839,39.436864935847616],[-106.22491739797388,39.436623782569761],[-106.22483339291841,39.436471493283122],[-106.22470070905599,39.436193561805645],[-106.22455530504918,39.43585270353762],[-106.22440950937687,39.435489321999157],[-106.22427681742963,39.435211400479361],[-106.2240728576393,39.434844117069069],[-106.22397770089789,39.434718973483584],[-106.22353735932204,39.434101897168162],[-106.22341646135617,39.43383285103004],[-106.22334329267794,39.433635396070883],[-106.22328205632165,39.433455832227935],[-106.22326807494257,39.433320826178665],[-106.22330135033732,39.433230373325344],[-106.2233578606569,39.433139677514589],[-106.22344952295187,39.433066629133606],[-106.22355314182327,39.433011478016653],[-106.2240090152704,39.432835486491804],[-106.2242336524819,39.432724997901104],[-106.22450946222359,39.432550899820306],[-106.2246935970939,39.432449847633436],[-106.22538409342525,39.432091172694975],[-106.22557936740508,39.431962970573871],[-106.2256822721158,39.431867278844955],[-106.22571522860865,39.431758808493605],[-106.22576903589753,39.431514963463194],[-106.22572834670673,39.431182012293142],[-106.22566284335284,39.430759219610451],[-106.22566000287992,39.430597053679278],[-106.22570377329214,39.430443417628446],[-106.22575965568933,39.430316684839156],[-106.22596449133705,39.43007124929391],[-106.22613573717966,39.42989824782066],[-106.22663801220448,39.429388375567946],[-106.22680909635034,39.429206365997885],[-106.22696770828679,39.428974929532323],[-106.22717269035991,39.428738499193273],[-106.22750371235558,39.428401626154461],[-106.22767637394307,39.42830970144761],[-106.2278254861954,39.428200004333213],[-106.22797507365651,39.428117330148922],[-106.22813658984629,39.428052553093117],[-106.22864469224233,39.427875993243958],[-106.22943074147214,39.427669459292446],[-106.22989300733083,39.427529427329176],[-106.23035463897891,39.427353340772626],[-106.23085032036954,39.427131857532039],[-106.23213184617407,39.426672279227283],[-106.23240856411252,39.426552214146511],[-106.2326738231412,39.426441279132121],[-106.23282355792601,39.426367600609986],[-106.23287432262103,39.42628147350316],[-106.23246380421428,39.42573168166394],[-106.23236771681823,39.425552495752925],[-106.23233001272912,39.425390709760933],[-106.23223280513393,39.425148462026513],[-106.23214862850021,39.424987168466345],[-106.23206525675701,39.424870918379682],[-106.23191139780674,39.424710352785176],[-106.23149819613222,39.424336296217142],[-106.23136772931194,39.424184501898289],[-106.23129550116984,39.424041102282224],[-106.23121181411798,39.423906833670358],[-106.23110363000831,39.423700734147445],[-106.23084206934365,39.423361109626697],[-106.23064069041315,39.423119963040804],[-106.23055700695453,39.422985694042204],[-106.23044866833466,39.422770594277168],[-106.23036308314259,39.422528221548305],[-106.23020638371938,39.422205499099441],[-106.2301201571302,39.421927090880232],[-106.23010442313797,39.421692989788333],[-106.23011239478782,39.421485669315842],[-106.23013198255261,39.42127823372558],[-106.23009238661152,39.421008333784606],[-106.23006313926247,39.420666243715388],[-106.23003705847484,39.420504333265917],[-106.23020065875608,39.419898912428998],[-106.23028038872911,39.419807966789072],[-106.23090730140633,39.419125562238655],[-106.23099110793413,39.418935459158661],[-106.23098291170548,39.418800391665691],[-106.23094663953093,39.418719683456942],[-106.2308639244562,39.418639457465822],[-106.23073441074843,39.41854171201544],[-106.23061715545103,39.41847988239028],[-106.23051103926315,39.41839090162501],[-106.23043913631116,39.418265517520631],[-106.23041305732016,39.418103607046476],[-106.23043422611983,39.417986249684979],[-106.2304724458419,39.417517310297725],[-106.23045501583044,39.417166084099968],[-106.23040554920101,39.416995419174768],[-106.23032203103243,39.416870150538664],[-106.23006160943154,39.416593585074502],[-106.22999002358489,39.416486218689194],[-106.22994899572922,39.416135251709619],[-106.22988870709554,39.416009735158198],[-106.22984082689092,39.415929147250367],[-106.22973440078427,39.41582214974423],[-106.22939379286619,39.415609502687239],[-106.22913480587482,39.41541400384628],[-106.22906353893008,39.415324663142584],[-106.22901565872542,39.415244076524843],[-106.22885839426189,39.414867296519681],[-106.22877472427801,39.414733024809891],[-106.22868023049328,39.414643920585817],[-106.22857330582164,39.414590988222798],[-106.22848105513017,39.414546910045516],[-106.22832960007158,39.414521479994868],[-106.22806154458745,39.414470247180013],[-106.22743280743188,39.414386771083507],[-106.22721102596465,39.414326039870183],[-106.22671975799702,39.414132995640855],[-106.22614548569713,39.413841708858541],[-106.22594694813787,39.413780720382618],[-106.22570163979334,39.41370221196415],[-106.22546826197411,39.413641599526407],[-106.22485057140159,39.413503941395184],[-106.22391832315593,39.413333538868727],[-106.22306719547538,39.413153282818598],[-106.22223870354335,39.412936724398534],[-106.22154863930164,39.412664653846186],[-106.22119629130111,39.412443086449457],[-106.22109065661024,39.412381123712763],[-106.22095082215816,39.412355551982934],[-106.22047441142702,39.412324507772361],[-106.2201264660697,39.412355192472603],[-106.21976723068589,39.412404010212136],[-106.21960479911286,39.41241472402838],[-106.21947673618426,39.412398045675729],[-106.21933674362872,39.412363471620473],[-106.21918482773435,39.412311003224083],[-106.21907936462169,39.412258045492614],[-106.2189736769302,39.412191575515067],[-106.21891379433507,39.412088574790367],[-106.21885415787828,39.411999096569723],[-106.21884019177057,39.411864088511578],[-106.21871982201407,39.411622071381565],[-106.21858940909269,39.411470262561089],[-106.21840092817305,39.411319060006036],[-106.21816615257522,39.411177355852821],[-106.21782481971671,39.410919621667588],[-106.21763711494148,39.410813462521091],[-106.21708423961334,39.410413773508679],[-106.21702460764814,39.410324302855571],[-106.21704423224385,39.41011685070891],[-106.21707719232995,39.410008383982941],[-106.21715519394438,39.409818350433014],[-106.21731323365398,39.409555397421279],[-106.21741508913246,39.409401155568453],[-106.2174949700225,39.40931923713265],[-106.21777054799882,39.409136136826902],[-106.21789562762235,39.40898165042843],[-106.21797456617963,39.408845670381801],[-106.21798414222056,39.408728434861722],[-106.21798100799852,39.408548261994021],[-106.21788548654112,39.408378065989631],[-106.21781408484907,39.408279698141357],[-106.21774331107942,39.40821736800865],[-106.2174143911415,39.408004544365404],[-106.21708578651226,39.407809766171944],[-106.21696762211978,39.407693867794102],[-106.21676566467424,39.407434680507883],[-106.21663635757899,39.407345929269056],[-106.21643706363825,39.407239879205967],[-106.21601540702032,39.407037051616868],[-106.21579273442431,39.406922245145722],[-106.21549960157068,39.406763123561156],[-106.21539366684249,39.406683127437162],[-106.21495875648083,39.406459061034852],[-106.21430304022233,39.406193921444512],[-106.21377678377269,39.405995852330506],[-106.21323512570751,39.405680860602587],[-106.21323061975806,39.405420925225151],[-106.21305828425901,39.405145409645172],[-106.21327220007763,39.404597225940492],[-106.21311028503585,39.404278262411886],[-106.21298397561871,39.404080254492442],[-106.21265663581737,39.403884358217191],[-106.2120615576372,39.403708578423142],[-106.2108764129778,39.402732424401677],[-106.20908593856421,39.401368337772894],[-106.20728039042015,39.400016291713804],[-106.20608321013258,39.399194298028959],[-106.20404489502369,39.397701593839876],[-106.20256701187107,39.396632160549665],[-106.20174185268874,39.395997005396431],[-106.20145598091756,39.395451641841767],[-106.20155388650375,39.394890392601212],[-106.20199730660607,39.393872615444373],[-106.20249580241848,39.392484743301324],[-106.20336372140835,39.390246732259982],[-106.20352427550245,39.38975635918127],[-106.20397607149648,39.38940837977259],[-106.20450474441424,39.388885587474235],[-106.20500386186082,39.38789582991231],[-106.20535675693534,39.387157901351927],[-106.20528047379807,39.386474480892993],[-106.20527215000862,39.385990618813373],[-106.20554564658846,39.385637336993518],[-106.20609605963439,39.38513098747444],[-106.20647762174627,39.384809974899859],[-106.20707561945113,39.384570123875022],[-106.2075004614951,39.384265337639974],[-106.20786079102689,39.383961210370295],[-106.20810252856818,39.383740135014207],[-106.20885808987556,39.383183204007636],[-106.20928233004827,39.382845042268784],[-106.2096208673496,39.382524447582917],[-106.20973896526674,39.382311450422755],[-106.20852542036965,39.381350987040477],[-106.20745792087648,39.380469411866798],[-106.20713282776168,39.380058164298049],[-106.20673294720454,39.379570851196377],[-106.20661596230003,39.37941438356917],[-106.20650457749301,39.379266865952296],[-106.20640540258732,39.379132740262008],[-106.20629386416839,39.37897621471464],[-106.20617712899553,39.378805740328197],[-106.20612756265309,39.378720674488264],[-106.20607567506397,39.378631568000046],[-106.2059821254086,39.378465846447092],[-106.20587304388197,39.378273252210938],[-106.20540928232833,39.377474773159747],[-106.20488429160494,39.376532509899647],[-106.20443934167166,39.375806590956287],[-106.20404679046892,39.375168979002467],[-106.20352351912096,39.374325407418993],[-106.20322311260851,39.373867487226605],[-106.2025331022657,39.372941722795346],[-106.20206530907308,39.372364116380446],[-106.20166178225421,39.371825327792472],[-106.20098647733263,39.371012921476044],[-106.20048105461106,39.370465313335856],[-106.19972964531694,39.369663562271676],[-106.19901927286161,39.36902920821101],[-106.19846488746546,39.368590679719354],[-106.19796440368135,39.368329289430243],[-106.19736405149212,39.368177515565272],[-106.19654752152643,39.36802796230613],[-106.19575845665223,39.367996591409039],[-106.19507178265241,39.368003645903585],[-106.19425878845566,39.368061352031184],[-106.19365161715511,39.368255152961183],[-106.19313209807011,39.368369073719457],[-106.19270008477525,39.368393243460936],[-106.19226773551046,39.36839767489186],[-106.19170772486405,39.368373796136062],[-106.19129812184056,39.368220036170641],[-106.1910919791441,39.368064194521864],[-106.19099876635697,39.367818346082259],[-106.19088097476535,39.36762211464729],[-106.19075214198057,39.367524716469632],[-106.19048493720098,39.367517573033069],[-106.19001509854444,39.367560881581852],[-106.1894577729624,39.367694915609412],[-106.18883753566604,39.367869082581848],[-106.1882418897506,39.367993635715898],[-106.18783497268983,39.367997790075925],[-106.18728800827628,39.367993498209493],[-106.18657524450568,39.367961276562454],[-106.18577128017417,39.367801653594292],[-106.18508044787289,39.367561885801479],[-106.18454003577101,39.367192258379397],[-106.18397353479665,39.366783410533564],[-106.1834603964451,39.36652207528941],[-106.183011506501,39.366299586968552],[-106.18267939754384,39.366214112112132],[-106.182105686691,39.36613109010861],[-106.1815204342834,39.366117291179968],[-106.18085971351047,39.366153616060373],[-106.17997042988819,39.366211997376404],[-106.17942515161242,39.366306375643489],[-106.17896969678024,39.36644919462703],[-106.17836266202362,39.366652789564554],[-106.17797111244241,39.366814704887403],[-106.17770888522783,39.367103647624027],[-106.17751024975219,39.367391946768585],[-106.1773484209487,39.367600893403996],[-106.17710979606989,39.367781003961689],[-106.17680510639013,39.367813702798642],[-106.17639487724094,39.367719475881749],[-106.17616276155466,39.367614543420665],[-106.17587043808311,39.367581736151415],[-106.17556274803032,39.367549092764349],[-106.17516153886484,39.367433936573285],[-106.17483930598591,39.367449111705525],[-106.17461218583095,39.367642128182993],[-106.17446409945468,39.368140402119138],[-106.17437790610317,39.368323930178462],[-106.17408896119539,39.368493729437965],[-106.17381318469137,39.368532275390884],[-106.17349033646646,39.368511688476801],[-106.17334935666243,39.368346230413543],[-106.17328354698301,39.368084653089888],[-106.17320200870131,39.36779939514954],[-106.17310487836123,39.367502372914352],[-106.17293079923219,39.367194204325635],[-106.17256501872322,39.366760716718588],[-106.17230123113498,39.366578579088653],[-106.17200040421095,39.366460383589143],[-106.17167871750772,39.36623655122532],[-106.17139764633343,39.366160404055051],[-106.17087262057572,39.366251793983736],[-106.17024489402485,39.366365386736966],[-106.16978567435331,39.366453449085789],[-106.16932564709629,39.366493834484473],[-106.1689108877431,39.366486080484194],[-106.16843372781702,39.366419350209661],[-106.168130493408,39.366242618326957],[-106.16779675939848,39.366058408358619],[-106.1673076339128,39.36570791824964],[-106.16688374857465,39.365455488747962],[-106.16630458674466,39.365138245056741],[-106.16591791501546,39.364734650260388],[-106.16560748599935,39.364421854424315],[-106.16525974725455,39.364158792113201],[-106.16496384938648,39.363954442604836],[-106.16466810513033,39.363759965779742],[-106.16435274975322,39.363594465899496],[-106.16419029572229,39.363465431504615],[-106.16402745811072,39.36333641701254],[-106.16353722590061,39.363052600265192],[-106.16330540486177,39.362877213497157],[-106.16304569921817,39.362625390507056],[-106.1628275711992,39.362437757373009],[-106.16251798570117,39.362174305594792],[-106.16217666901233,39.361992772752039],[-106.16195146047228,39.36195129571675],[-106.16169867185639,39.361962956295379],[-106.16146331594689,39.361975189864765],[-106.16120911248441,39.362002434448122],[-106.16094755810798,39.361970451041131],[-106.16065335985243,39.361889374254275],[-106.16042346569988,39.36184719081259],[-106.1601434725039,39.361854921019074],[-106.15986404255163,39.361897244058149],[-106.15970629659112,39.361982830461919],[-106.15949199270028,39.362113463637826],[-106.15911921701021,39.362285203244497],[-106.15879653587194,39.362407031963464],[-106.15848006299062,39.362518912005335],[-106.15814440389146,39.362626033642016],[-106.15766926966633,39.362769153937393],[-106.15732072603102,39.362866508741419],[-106.15695282190474,39.362949244313462],[-106.15661560872012,39.362962479912305],[-106.15625922458902,39.362970958695186],[-106.15600444440814,39.362963597405923],[-106.15567947705748,39.362947066276888],[-106.15532904426514,39.362930775450309],[-106.15496563620684,39.362899784948162],[-106.15464052692236,39.362873374842657],[-106.15439764313079,39.362816469386438],[-106.15411113265746,39.362742967420836],[-106.15390482017941,39.362658269557663],[-106.15370627273866,39.362586107869554],[-106.1533941171606,39.362574371691117],[-106.15307430613966,39.362637813567126],[-106.15287258584937,39.362861865823106],[-106.15274403244062,39.362998168858326],[-106.15260713458123,39.36314369144776],[-106.15246863592395,39.363414329959589],[-106.15235323385102,39.363599359491005],[-106.1522382072738,39.363807368761407],[-106.15210319946975,39.364000250150085],[-106.15188985228474,39.364232217581332],[-106.15162709147086,39.364473434445294],[-106.15150260024386,39.364623337710128],[-106.15141870657945,39.364727778091542],[-106.15124995535838,39.364935778445165],[-106.15107608913009,39.365167355235435],[-106.15096806761549,39.365357793773768],[-106.15081052557255,39.365576278519853],[-106.15066711223238,39.365789442028017],[-106.15058698969555,39.366037976282328],[-106.15050093378629,39.366207394961187],[-106.1504347315431,39.366384265831549],[-106.15034867473551,39.366553685059337],[-106.15025237623539,39.366700207945009],[-106.15014607319792,39.366839174491354],[-106.15000880972417,39.366944790103915],[-106.14976644875209,39.367164723442308],[-106.14957178652497,39.367332142053584],[-106.14935693017026,39.367545351593975],[-106.14919328946486,39.367726635965141],[-106.14909673314823,39.367857844537539],[-106.14902415735811,39.36795410816935],[-106.14892285164858,39.368089408166071],[-106.14886340563466,39.368169502018226],[-106.14849432561364,39.368218910427395],[-106.14826322412534,39.368173500110906],[-106.1478779968871,39.368093863228438],[-106.14744749455853,39.368062338187244],[-106.14717033015742,39.36801740626332],[-106.14640202175617,39.367989216759923],[-106.14546528283239,39.368052241892904],[-106.14513212643959,39.368073145623576],[-106.14458019793577,39.368124547245593],[-106.14416655788341,39.368182247023007],[-106.14373569263549,39.36830410434608],[-106.14362334752943,39.368354764795171],[-106.14353471525193,39.368391678119245],[-106.143392749996,39.368549962881552],[-106.14323757860707,39.368720046323972],[-106.14307417595521,39.368989818755082],[-106.14296494890149,39.369107757882482],[-106.14270645059368,39.369265250721433],[-106.14244813554214,39.369434669210065],[-106.14197583190847,39.369665790099894],[-106.14179409733661,39.369822535137324],[-106.14166074872087,39.370121845457632],[-106.14152682698,39.370385400591388],[-106.14126684016372,39.370751395808561],[-106.14046225779131,39.371027604856806],[-106.13995979412029,39.371294768374867],[-106.13967056983647,39.371452562530315],[-106.13912184921651,39.371708255054898],[-106.13872822452701,39.372057793531468],[-106.13854666961821,39.372226451783021],[-106.13853517387751,39.372464962609058],[-106.13858764537157,39.372857809505348],[-106.13859267773378,39.373167682218963],[-106.13858216115676,39.373465785876903],[-106.13857264530294,39.373832569084612],[-106.13861784673144,39.374184577377676],[-106.13863058574047,39.374360670438037],[-106.13859508072719,39.374606200024502],[-106.13857029620848,39.37490372465372],[-106.138484350792,39.375082315068497],[-106.13834898366183,39.375256799706818],[-106.13811104868915,39.375803114099966],[-106.13803880886894,39.376217560816301],[-106.13799654223652,39.376654700539859],[-106.13790157144636,39.376885486444856],[-106.13774799816034,39.377155155806385],[-106.13759540673291,39.377486104786648],[-106.13736335572534,39.377787186252753],[-106.13716955408427,39.378011278090298],[-106.13695610359298,39.378243210089707],[-106.13680234884725,39.378550770945743],[-106.13673672332249,39.37871579792688],[-106.1366421900119,39.378857967986178],[-106.13644182797429,39.379037385691937],[-106.13627006021049,39.379150801413616],[-106.13606733470539,39.37944526883728],[-106.13591739779963,39.379646302574386],[-106.13580188074229,39.379543514867606],[-106.13559318772876,39.379520682161143],[-106.13540355786385,39.379543600274118],[-106.13491572146059,39.379590491906924],[-106.13452763129156,39.379650447214409],[-106.1342909431805,39.379561462732021],[-106.13410920591369,39.37948118474845],[-106.13349336946392,39.379477958740075],[-106.13305845281405,39.379440072225208],[-106.13268845920641,39.379499845044613],[-106.13231947440684,39.379622807481041],[-106.13198203394843,39.37945756808606],[-106.1317724884337,39.379368323665737],[-106.13153387792794,39.379159989261524],[-106.13136040606005,39.379063361954529],[-106.1310886728731,39.379044948041908],[-106.13081489062903,39.378900143930153],[-106.13040531724997,39.378749630409629],[-106.1298471382684,39.378693673207486],[-106.1295975997572,39.378687087104261],[-106.12938267333389,39.378689163966165],[-106.12900789529905,39.378700630798171],[-106.12849872480612,39.378748461090872],[-106.12817392544041,39.378799302830565],[-106.12788582674564,39.378840237972746],[-106.12764634217909,39.378847325395817],[-106.12738151524007,39.378806981860414],[-106.12693561578756,39.378721901440187],[-106.12670069735759,39.378665599807945],[-106.12650221190063,39.378617963882412],[-106.12627932101402,39.378566060316416],[-106.12609507115936,39.378525044466272],[-106.12591881900566,39.37848394943363],[-106.12568077084526,39.378414170522355],[-106.12558630670495,39.378383546576856],[-106.12536416142002,39.378331623394075],[-106.12514164513087,39.378279714060184],[-106.12488325551917,39.378219139581532],[-106.12467427145148,39.378162592429184],[-106.12448940894581,39.378105811920641],[-106.12432025887273,39.378055626556197],[-106.12415117886829,39.377987439424196],[-106.12394558414415,39.377903824531963],[-106.12371968839291,39.377795945848113],[-106.12330878820217,39.377649718442413],[-106.12281082688736,39.37743757299674],[-106.12222633086124,39.377192899823612],[-106.12181491503753,39.377013297530894],[-106.1211871741136,39.376752333879651],[-106.12092758435267,39.376654710261285],[-106.12028127165857,39.376577491201154],[-106.11952667604015,39.376451256283005],[-106.11864575393656,39.376493101761575],[-106.11762289532312,39.376565824035616],[-106.11742523451959,39.376569975108076],[-106.11721047428462,39.376559648811487],[-106.11702998657437,39.376560256404119],[-106.11690265846768,39.376561477838891],[-106.11667100092221,39.376572701983413],[-106.1165205268239,39.376578652223586],[-106.11627604043785,39.376580997183332],[-106.11604387803921,39.376583224096429],[-106.11592707189943,39.376583145630228],[-106.11575339162241,39.376567989842798],[-106.11547104214546,39.376527897054338],[-106.11525352947245,39.376527729011499],[-106.1150054794697,39.376534613906927],[-106.11480411581054,39.376580468057092],[-106.1145713784901,39.3766251896255],[-106.11424745318516,39.376652243091314],[-106.11406091532147,39.376660786873579],[-106.11381119535058,39.376676693971298],[-106.113584537828,39.376705895165863],[-106.11335695414235,39.376744122026828],[-106.11308494607093,39.376785001434264],[-106.11266898207694,39.376866551166316],[-106.11223457207691,39.376917415108302],[-106.11196201603317,39.376955953633505],[-106.11172198079937,39.37700136309914],[-106.11138015386744,39.377051346460519],[-106.11110748463601,39.377082695235501],[-106.11091790597507,39.377098875825276],[-106.11063586731522,39.377123132120772],[-106.11043298819818,39.377175373536588],[-106.11030165719858,39.37721931840148],[-106.1100732425713,39.377253034258466],[-106.10995394001336,39.37726767883013],[-106.1097275960028,39.377283362197829],[-106.10949566177622,39.377276563479882],[-106.10930941855995,39.377269328687795],[-106.10901314250114,39.377275152490654],[-106.1087221242817,39.37731745576879],[-106.10849602640953,39.377366320251987],[-106.10826667573771,39.377405402925781],[-106.10807543609181,39.377413450826381],[-106.10782533972682,39.377408641528888],[-106.10762165032941,39.377410580940968],[-106.10741870024547,39.377459232877854],[-106.10699490653546,39.377596222634629],[-106.1066264409621,39.377718296840264],[-106.10644216056474,39.377777535073072],[-106.10622532342482,39.377826324935647],[-106.10605003606173,39.377867511319067],[-106.10583290607106,39.377898327139391],[-106.10563853310144,39.377903760649183],[-106.10537187090429,39.377892463808955],[-106.1051396231657,39.377890163333504],[-106.10502347998261,39.37788676226824],[-106.10479138495759,39.377893472046281],[-106.10455927825448,39.377900181129348],[-106.10444319525853,39.377901281024485],[-106.10421126013364,39.377894474034186],[-106.10399018833547,39.377887561497744],[-106.10375816427737,39.37789877293023],[-106.10352645373131,39.377905476457713],[-106.10324544094749,39.377917142010588],[-106.10307355819933,39.377923286562051],[-106.10279159499795,39.37793796987831],[-106.10255560667453,39.377947396751772],[-106.10236158674282,39.3779743837393],[-106.1020765881341,39.378018323240546],[-106.10190239402071,39.378015468656294],[-106.1016723435613,39.377990616200705],[-106.10140673149472,39.377907963026054],[-106.10109092067174,39.377846276524402],[-106.10086351844578,39.377812492904702],[-106.10056661985448,39.37777577343229],[-106.10028893982037,39.377782942900204],[-106.10012235803073,39.377780012618985],[-106.09984617009829,39.377820906696165],[-106.09965887675145,39.377838454346822],[-106.09942780760248,39.377818113209209],[-106.09926362611127,39.377806149056696],[-106.09900099016323,39.377808621046569],[-106.09871810798533,39.377815799538091],[-106.09856727096765,39.377821717036468],[-106.09833603652866,39.377837425277342],[-106.09796011134522,39.377841632518845],[-106.09735863716021,39.377880670486341],[-106.09701595503215,39.377967339279003],[-106.09643129102105,39.377705844521444],[-106.09599764369069,39.377476297329274],[-106.09558445279599,39.377179799549424],[-106.09473790023515,39.376670431958139],[-106.09430322163884,39.376374139768053],[-106.09345642832953,39.375848086844321],[-106.09302123949013,39.375518393215899],[-106.09252947565247,39.375107828939591],[-106.09234437688986,39.375010460646649],[-106.09165857335756,39.374462446378757],[-106.0911512938183,39.374013312154197],[-106.09049811260556,39.373490187874573],[-106.08992075189771,39.373102238156392],[-106.08937093533312,39.37270686213283],[-106.08875617596337,39.372283494014134],[-106.08831938542784,39.371989082491233],[-106.08790864783215,39.371677979554462],[-106.08764704853996,39.371446793797148],[-106.0872730403613,39.370899568922681],[-106.08694644256839,39.370635623365125],[-106.08640564598758,39.370423719108537],[-106.08616555415992,39.37019232850102],[-106.08549267379129,39.36978140442578],[-106.08488635499195,39.369503366096936],[-106.08436783124029,39.369341316031914],[-106.08372293698602,39.369347324528853],[-106.08324974042695,39.369335042249439],[-106.08286459224047,39.369455439884554],[-106.08239371782641,39.369593329394931],[-106.08196558345695,39.369714131454778],[-106.08130328434406,39.369987294551144],[-106.08068088390452,39.370059827765189],[-106.0799269359714,39.369966702510311],[-106.07925770186449,39.369789341397322],[-106.07871640851533,39.369544040016685],[-106.07845536168702,39.369346194637025],[-106.07765817604263,39.36923676726888],[-106.07642322698727,39.369004573396879],[-106.07578158283771,39.368840264457717],[-106.07502790978904,39.368763791642579],[-106.07442368406433,39.368619178019365],[-106.07340899652672,39.368344838689062],[-106.07271623194931,39.368034156341245],[-106.07223590007195,39.367554623612449],[-106.07188507112257,39.367107277700349],[-106.07136176024873,39.366628135160887],[-106.07064472588728,39.366134094495294],[-106.07012297089553,39.365755064333555],[-106.07005670397365,39.365638853710884],[-106.0690106346899,39.364713929575402],[-106.06861863145949,39.364383772220577],[-106.06818439303767,39.364104054592559],[-106.06784046764125,39.364107211859846],[-106.06736603949193,39.364011440199064],[-106.06676263303076,39.363916840057712],[-106.06630895326954,39.363770801662653],[-106.06591746207884,39.363474006070454],[-106.06511427748499,39.362964024539949],[-106.06386122198676,39.362558282886091],[-106.06279988583476,39.361970874013984],[-106.06262482574546,39.361895884153888],[-106.06252349757803,39.361851758093728],[-106.06231408411563,39.361772574481456],[-106.06210475060328,39.361697895562152],[-106.06189606926785,39.361618704830093],[-106.06164487156832,39.361521873359919],[-106.06141158627555,39.361411370387366],[-106.05988139242733,39.360959151774516],[-106.05957794691423,39.360795030881661],[-106.05924871526092,39.360347449975109],[-106.05816367077195,39.359673108857997],[-106.05707813131124,39.358965379675247],[-106.05653675980865,39.358703277544869],[-106.05597665933068,39.358624925931089],[-106.05490171190552,39.358617987176963],[-106.05416991193574,39.358557861002893],[-106.05350234240706,39.358480468429136],[-106.05272605427113,39.358320611252665],[-106.05182131603274,39.35819528308722],[-106.05115525028384,39.358217997744283],[-106.05012303122518,39.358193932140352],[-106.04908832922304,39.358003007313847],[-106.04820358658456,39.357777348193281],[-106.04714312808657,39.357505577204897],[-106.04654312893527,39.357427537504201],[-106.04609807569575,39.357443459402248],[-106.04534526233485,39.357414462694152],[-106.04448587464523,39.357446021019491],[-106.04381070626759,39.357475922059486],[-106.04307431051681,39.35751827761878],[-106.04230986487127,39.357739695089307],[-106.04117641645985,39.357928654982977],[-106.0403367926048,39.358258003111239],[-106.0391276198082,39.358519134512903],[-106.03869897070408,39.358606390634961],[-106.03800721134145,39.358552967752701],[-106.03689738233379,39.358548121038467],[-106.03659831700602,39.35853145828505],[-106.03612995877307,39.358434134251198],[-106.03546299920049,39.358377250182961],[-106.03497124704093,39.358381625294449],[-106.03449201919304,39.35839071446788],[-106.03413177230622,39.358447080374631],[-106.03344605770714,39.358654718808161],[-106.03255810538813,39.358963677292586],[-106.03200622898659,39.359113561127131],[-106.03161600082719,39.359247502319938],[-106.03123820984287,39.359389253610026],[-106.03088907601443,39.359507969495034],[-106.03065288107847,39.359588282946014],[-106.03044176710523,39.359662244557029],[-106.0302165477854,39.359746270247477],[-106.02999596287414,39.359832877508737],[-106.02979084874868,39.359920291043409],[-106.0295860400504,39.360003199577001],[-106.02938087112773,39.360086108012247],[-106.02915255531512,39.360173728901835],[-106.02894295590144,39.360252170459475],[-106.02872341303591,39.360330936285273],[-106.02851721284725,39.360431640144697],[-106.02832094353411,39.360527983467776],[-106.02816356678116,39.360605965529913],[-106.02798938793914,39.360724639757819],[-106.02779942749423,39.360854708535889],[-106.02762304418651,39.360998189457668],[-106.02750221089934,39.361093868708416],[-106.02729333552776,39.361172302287336],[-106.02713534612381,39.361232264382288],[-106.02690696383587,39.361265818490594],[-106.02676105317921,39.361285124718854],[-106.02652916207177,39.361278150807216],[-106.02632962648424,39.361275407360111],[-106.02609801924442,39.361263933498954],[-106.02594775714853,39.361256247677836],[-106.02572819901161,39.361199614554607],[-106.02558688413596,39.361160312362514],[-106.02536135040579,39.361117247797196],[-106.02521879765166,39.3610914732213],[-106.02498780306287,39.36107098273915],[-106.02473671585612,39.361052908575978],[-106.02448448509401,39.361057382145347],[-106.02425244486624,39.361063932406175],[-106.02412986525415,39.361065010341058],[-106.02344234414302,39.361137529207724],[-106.02257032434389,39.361359763101483],[-106.02191411940188,39.361639691053064],[-106.0215332265349,39.361845671163614],[-106.02132532044556,39.362233336153949],[-106.02051388841907,39.362498308733358],[-106.01972103175605,39.362886701438967],[-106.0192200709665,39.363284462498129],[-106.01897890655039,39.363596500844615],[-106.01863545905771,39.364267034263662],[-106.01823852766962,39.364671357525054],[-106.01812105497993,39.364825565622134],[-106.01798614868549,39.365002450409733],[-106.0175902027493,39.36525363838669],[-106.01739232455346,39.36537456879725],[-106.01720910686305,39.365447686711775],[-106.01719496199058,39.365531258878214],[-106.01721792472587,39.366055540784437],[-106.01722983818317,39.366620611746313],[-106.01729091284272,39.36696804500454],[-106.01737143512982,39.367368471163509],[-106.01747658473047,39.367749354467492],[-106.01752325580274,39.36796159324399],[-106.01759767044425,39.368369803610626],[-106.01759515605976,39.368625967163304],[-106.01756404560484,39.369056365317761],[-106.01748163595732,39.369412342238491],[-106.01742384464015,39.369663168512766],[-106.01721232373008,39.369903418683521],[-106.01724476548826,39.370022344479601],[-106.01748098557705,39.370425569824782],[-106.01754689676606,39.3707349102732],[-106.0175983316043,39.371103982137015],[-106.01740043454383,39.371224921861192],[-106.01721893353394,39.371417225126017],[-106.0170695266342,39.371704612717835],[-106.01707575195913,39.372133684274338],[-106.0171603202583,39.372669357351981],[-106.01735151229346,39.373144496047786],[-106.01739034736151,39.373704393854652],[-106.01722592512179,39.374015764834688],[-106.01710636295073,39.374243288770643],[-106.0170319986149,39.374410822349212],[-106.01701320046925,39.374882028564855],[-106.01698259935911,39.375239705547898],[-106.01694655625495,39.375931386859023],[-106.01695053399503,39.37620551514533],[-106.01687772104968,39.376480313138245],[-106.01695693179649,39.376646503952138],[-106.01708600982136,39.377074500781227],[-106.01719853369215,39.377419205178875],[-106.01740458026886,39.377858448983588],[-106.01745514104633,39.378167930788941],[-106.01755663540206,39.37881073562037],[-106.0175916786813,39.379108433281644],[-106.01757840966623,39.379251590622438],[-106.01810798539086,39.379759520802935],[-106.01834234956027,39.380031630142547],[-106.01848472354965,39.380316468018485],[-106.01856567343485,39.380601841465747],[-106.01866093078756,39.380919933525099],[-106.01861897497223,39.381098448141024],[-106.01849922235833,39.381314061820454],[-106.01828819192843,39.381590081186424],[-106.01800176320177,39.381962097983987],[-106.01745579232491,39.382443681419247],[-106.01710722443509,39.382768575766576],[-106.01671776343694,39.383451423594977],[-106.01649430032347,39.383930184765163],[-106.01627168791462,39.384468539025946],[-106.01594037486478,39.384924392849321],[-106.01565202015017,39.385165316748036],[-106.01521627974518,39.385836643531533],[-106.01476137288529,39.386245904001221],[-106.0144583379023,39.386534629549217],[-106.01423281046033,39.386980892870305],[-106.01380653650182,39.386961612492037],[-106.01360916405748,39.386963333632217],[-106.01345771169386,39.386928609498682],[-106.01328342864724,39.386921118820247],[-106.01306134085451,39.386945578600468],[-106.01283127332709,39.386970106412306],[-106.01266543534248,39.38699406698241],[-106.01243730907441,39.387027588577538],[-106.01226432948329,39.387110187907638],[-106.0121055046461,39.38714310888934],[-106.01187111442555,39.387194702674542],[-106.01164494199323,39.387237219335148],[-106.0114013862618,39.387282134724359],[-106.01115235440044,39.387300068101737],[-106.01100155062043,39.387310389338012],[-106.01049519095601,39.38731532847882],[-106.00998620461772,39.387307962118832],[-106.0096367905149,39.387305112080227],[-106.0092309649072,39.387283375411513],[-106.00893880852232,39.387262068498551],[-106.00863195839429,39.387288570745334],[-106.00803672570387,39.387555969187751],[-106.00756588901906,39.387929578103353],[-106.00723226729896,39.388230470807244],[-106.00670204838062,39.388747619430362],[-106.00614024559519,39.389205446871259],[-106.00529972611982,39.389510715566104],[-106.00516474077365,39.389738370200064],[-106.00505977892091,39.389918070965059],[-106.00483229494824,39.390122682589336],[-106.00469780637042,39.390386084459408],[-106.00456435534674,39.390721003608896],[-106.00444523784176,39.390984271313215],[-106.00432405780489,39.391104517756204],[-106.0041400774448,39.391129949403862],[-106.0038369759865,39.391418646413413],[-106.00365538424676,39.391610937788009],[-106.00342822187095,39.391839374225988],[-106.00309268584098,39.392009152392475],[-106.0025736743041,39.392240114544336],[-106.00208400803264,39.392375451477314],[-106.00190241000469,39.392567742297736],[-106.00149142088073,39.392833520310987],[-106.00118625778883,39.392979198706044],[-106.00092750705439,39.39314829653388],[-106.00060885216521,39.393425202132569],[-106.00032108944038,39.39371375704895],[-106.00007769360907,39.393882734384967],[-105.99966447845985,39.393993563623724],[-105.99920364990564,39.393997522055535],[-105.99860475298718,39.394014585240342],[-105.99783201948483,39.394114349146626],[-105.99761879087741,39.394152217976675],[-105.99739295890656,39.394194701241013],[-105.99723196463798,39.394254650250744],[-105.99701605994932,39.394333088927652],[-105.9968066931993,39.39441147197924],[-105.99653957106474,39.394563028447948],[-105.99615666686984,39.394878684067429],[-105.99587983304872,39.395175739777905],[-105.99561416798154,39.395458710222904],[-105.99541938358354,39.395806063139453],[-105.99499926757632,39.396512942708654],[-105.99474658136836,39.397111108966705],[-105.99444714054482,39.397662003283436],[-105.99411830954011,39.39830849373719],[-105.99382004191632,39.398942812890603],[-105.99338485128028,39.399673656458575],[-105.99318869515486,39.399925650557343],[-105.99319630119038,39.400461997480583],[-105.99317319202969,39.400998595032156],[-105.99304664006742,39.401476357026404],[-105.9926356823845,39.401731492542744],[-105.99213422841984,39.401907419618283],[-105.99167476260992,39.402011461318395],[-105.99100704485923,39.40216495804782],[-105.99046087275973,39.40222206813246],[-105.99006758404015,39.402225415257483],[-105.98972846013892,39.402147235343925],[-105.98935739843439,39.401983515302341],[-105.98891793181762,39.401763153701609],[-105.98835042652676,39.401615392480117],[-105.98774086480925,39.4015347365685],[-105.98711373563806,39.401516227240108],[-105.98661605010604,39.401525224030749],[-105.98605718930317,39.401553794959028],[-105.98554201267426,39.401629686256946],[-105.98505749644427,39.401700539393779],[-105.98463509063139,39.401818546812208],[-105.98426252424878,39.401983815864334],[-105.98401906194215,39.402152759286032],[-105.98372711306808,39.4023697947503],[-105.98357663357989,39.402595158436164],[-105.98349982941973,39.402815141189592],[-105.98342388315065,39.403097099149797],[-105.98337238363374,39.403469962653084],[-105.98324266511008,39.403759485967413],[-105.98311850625971,39.40410859948004],[-105.98296280396647,39.404400764025688],[-105.9827651009421,39.404764808821334],[-105.98261561768557,39.405061687082025],[-105.98233721091439,39.405369194296952],[-105.98202934209685,39.40576754345728],[-105.98182368179572,39.406002913396307],[-105.98158062642591,39.406202356107528],[-105.98129432795497,39.406385971499994],[-105.98090990830218,39.406584705141007],[-105.98046922536652,39.406717142788992],[-105.98000324317748,39.4067973616771],[-105.97962929159272,39.406867261437213],[-105.97905909764421,39.406967428274399],[-105.97850152412714,39.407091318892959],[-105.97818988238539,39.4072226811329],[-105.97795829850179,39.407362903122269],[-105.97776423006106,39.407550483532987],[-105.9776156091872,39.407745438747305],[-105.97751697686395,39.407951166221451],[-105.97743763496311,39.408118516855701],[-105.97733571929749,39.408292834916125],[-105.97725893310364,39.408421879460015],[-105.97716357603791,39.408481247102252],[-105.97698366953766,39.40859539024941],[-105.97676679107522,39.40866028464103],[-105.97649066782151,39.408733253800072],[-105.97622468025916,39.408777457115193],[-105.97595633461917,39.40882249814549],[-105.97568793687689,39.40886305337137],[-105.97546015735851,39.408901005811934],[-105.97523229968668,39.40893445302715],[-105.97510843458541,39.408953512171884],[-105.97488057691359,39.408986958667874],[-105.97465279559859,39.409024899935929],[-105.97438402595378,39.409065445327137],[-105.97411798539081,39.409119485452713],[-105.9738924381859,39.409161919345735],[-105.97365605729867,39.409208952099227],[-105.97346244789706,39.409251117334207],[-105.97324036100264,39.409307038234083],[-105.97301784201855,39.409358449053364],[-105.97279568056393,39.40940987302195],[-105.97262422002399,39.409478876902917],[-105.97241925951045,39.409566190798493],[-105.97221386600894,39.409649000814355],[-105.97209750633188,39.409686014455353],[-105.97188098899221,39.409750898115121],[-105.97166481121572,39.409815776856071],[-105.97142747182606,39.409885327948651],[-105.97117404271138,39.409946022774662],[-105.97096125787171,39.409992840535061],[-105.97073873349774,39.410044256401179],[-105.96865705671004,39.411016384621377],[-105.96750226971739,39.41137707873407],[-105.96634777198221,39.411759708936991],[-105.9649967821517,39.41225366751101],[-105.96378780698446,39.412790316614398],[-105.96317037602505,39.41314651327437],[-105.96280569685064,39.413368965400075],[-105.96241272074477,39.413591639597421],[-105.96177420991889,39.413804612752969],[-105.96142668676977,39.413962473198495],[-105.96092984116252,39.414160331605117],[-105.96063279255259,39.41435655573779],[-105.96040322448849,39.414616779828833],[-105.96012406852236,39.414903249025272],[-105.95974553822457,39.415229298345636],[-105.95941571188654,39.415464524612979],[-105.95903574787755,39.415687242085447],[-105.95845491787608,39.415834115012679],[-105.95767410402776,39.415969712222719],[-105.95687592484667,39.416053779792669],[-105.95622742655151,39.416123700115634],[-105.95534633915788,39.416234271936489],[-105.95481386816311,39.416264485080369],[-105.95439741458729,39.416254981491733],[-105.95379570055212,39.41609199759057],[-105.95364953028235,39.416021237497183],[-105.95319221773413,39.415799850797917],[-105.95278838099648,39.415493162701011],[-105.95231460592237,39.414941602091822],[-105.95200054322095,39.41442283418526],[-105.95174338789445,39.414556502006711],[-105.95160641008496,39.414652978838042],[-105.95160835403925,39.41479600426468],[-105.95179938707263,39.415283169908498],[-105.95200579028052,39.415770208615825],[-105.95222884825378,39.416352469900204],[-105.95246501624028,39.416767737596778],[-105.95277818871126,39.417194298156765],[-105.95307289990483,39.417394528454686],[-105.95329192534076,39.417678814765978],[-105.9535271303333,39.41802256561499],[-105.95370280756521,39.418509852363911],[-105.95378890389868,39.419188589772737],[-105.95379816463094,39.419867967343947],[-105.95380833535658,39.420614073721936],[-105.9540095678617,39.420719712054208],[-105.95425706629889,39.420836881610647],[-105.95444277052599,39.420930716210016],[-105.95469142329831,39.421131321610432],[-105.95487890529138,39.421356259647233],[-105.95512901243616,39.421664128715911],[-105.95521007281414,39.421973388467691],[-105.95529456026493,39.422532936830621],[-105.95536399644313,39.423116451763825],[-105.95537018044554,39.423569365481185],[-105.95520683348921,39.423987918916595],[-105.95500046890889,39.424633293769851],[-105.95499064223799,39.425038656543357],[-105.95496528549248,39.42543223236769],[-105.95481711377626,39.425838731267554],[-105.95476151614501,39.426268309586483],[-105.95502698807439,39.426576053566968],[-105.95535500161219,39.426959573876033],[-105.95569701000377,39.427242846958038],[-105.95596169680562,39.427490999310201],[-105.95639868586885,39.427976125040878],[-105.95666288847873,39.428188509554978],[-105.95684877865712,39.428294268937172],[-105.95741823239381,39.428349178155919],[-105.95828017579039,39.428437435679875],[-105.95900398075415,39.428538758746065],[-105.95960466891329,39.428629161486477],[-105.96002239360526,39.428828360454837],[-105.96051730783462,39.429050751435142],[-105.96077987910395,39.429143950494307],[-105.96099799095327,39.429356705442885],[-105.96124815379356,39.429664559292078],[-105.96160622316414,39.429995364666439],[-105.96190183536795,39.430255161936699],[-105.96256706927687,39.431008301688003],[-105.96306729614284,39.431489029626938],[-105.96344017963074,39.431802378302187],[-105.96371972995728,39.432029738783108],[-105.96394657073618,39.432252427609541],[-105.96417355434723,39.432485321343769],[-105.96442728799082,39.43274862150939],[-105.96465462733471,39.43300703889382],[-105.96494932056198,39.433377174594668],[-105.96514396033122,39.433651161821253],[-105.96527588511722,39.433828707527539],[-105.96543602957955,39.434059767085017],[-105.9654952483197,39.434214200684039],[-105.96562870383494,39.434578277831065],[-105.9657466616149,39.434853945602029],[-105.9659789560659,39.435139738418677],[-105.96610981994155,39.435315724816611],[-105.9661569123237,39.435625173755824],[-105.96628915331667,39.435900721519445],[-105.96632089798219,39.436132846817557],[-105.96645406783315,39.436474794361018],[-105.96667437606332,39.436926674926582],[-105.9668816416539,39.437467191330015],[-105.96694360923881,39.437820794797453],[-105.96689576227183,39.43799597588157],[-105.96676599613745,39.438393289432213],[-105.96662498938396,39.438516183442893],[-105.96639790067,39.438606598213454],[-105.96609946146802,39.438697612286703],[-105.9659292918071,39.4387764893889],[-105.96581605377565,39.438843826204952],[-105.96560429121878,39.439011575827593],[-105.96526380636992,39.439158261543213],[-105.96476772433067,39.439405831708648],[-105.96435572011043,39.439542044910269],[-105.96400050648417,39.43965564601308],[-105.96350242210016,39.439759373996594],[-105.96311835189201,39.439851081712732],[-105.9627766426394,39.439909235563107],[-105.96237814997936,39.439990005952559],[-105.96168012846087,39.440084305943579],[-105.96135192358194,39.440087021317453],[-105.96098044416081,39.440056885795443],[-105.96040933842229,39.440039473815418],[-105.95993781901787,39.439999099761252],[-105.95952338485479,39.439958260864088],[-105.95910895069174,39.439917408761559],[-105.95869374667248,39.439821241631208],[-105.9582488084173,39.439636779803934],[-105.95783180058093,39.439407826979789],[-105.95735634835221,39.439079758814948],[-105.95688059698448,39.438729555674946],[-105.95657866243769,39.438566048497627],[-105.95620658743353,39.438491645313334],[-105.95590692742107,39.438494110296418],[-105.95560727369678,39.438496572504377],[-105.95506516018577,39.438512090170704],[-105.95438172551086,39.438628356350968],[-105.9537986155852,39.438777000699076],[-105.95332968512542,39.438924705364272],[-105.95233425567091,39.439187386633698],[-105.95129361760138,39.439273366665837],[-105.95025597182006,39.439580635561327],[-105.94958768813073,39.439763149452261],[-105.94881966000385,39.439957546290707],[-105.94829301188875,39.440061434083105],[-105.94770973936802,39.440198982874705],[-105.94706909234843,39.440314859816617],[-105.94671383290807,39.44042841733993],[-105.94647258405031,39.440529972719929],[-105.94601714359115,39.440622205980702],[-105.94547517021731,39.440648742064134],[-105.94500425178582,39.440652570196839],[-105.94453378341028,39.440689594431497],[-105.9441352646991,39.440770293847009],[-105.94397918421511,39.44083795688023],[-105.94411001485308,39.441013951776505],[-105.94418434595127,39.441234671472309],[-105.94417246752826,39.441411830859565],[-105.94413430529836,39.44186882626677],[-105.94408744468157,39.442297941543217],[-105.94400816117121,39.442724499157165],[-105.94401276503706,39.442877638468936],[-105.94401374060745,39.443030809355477],[-105.94401506921577,39.443211007559597],[-105.94401642118027,39.443391203216308],[-105.9440389275714,39.443591511560406],[-105.94405644471944,39.443746798812796],[-105.94408022222667,39.443952540742899],[-105.94410979476584,39.444174363850784],[-105.94413364503663,39.444354377342329],[-105.9441575051889,39.444534401467997],[-105.94407068571162,39.444957172291687],[-105.94398604824219,39.445514180962604],[-105.94386671244658,39.445938776515348],[-105.9437264485998,39.446276758610132],[-105.94351933123129,39.44653874204262],[-105.94329164513768,39.446739639990774],[-105.94311627782454,39.446914592617013],[-105.94284934343787,39.447136224543648],[-105.94249146181519,39.447445353207506],[-105.94228406237565,39.447686917832634],[-105.94210250117862,39.447892539214401],[-105.94194124370367,39.448138829017616],[-105.94189840125112,39.44837905105372],[-105.94194245822594,39.448560931454445],[-105.94198751592396,39.448726564861524],[-105.94212132627374,39.449123857433605],[-105.94228563083415,39.449664765442321],[-105.94234539754662,39.449863474886257],[-105.94236236402739,39.450062530593001],[-105.94245320795713,39.450449107574705],[-105.94245857988253,39.450847443975974],[-105.94247478998183,39.450991171315245],[-105.94247762326823,39.451201405413912],[-105.94248269695296,39.45157761371339],[-105.94231859631012,39.452110115865516],[-105.94227875602726,39.452331769405482],[-105.94221410158133,39.452830265328117],[-105.94197953079939,39.453422538119597],[-105.94178741260114,39.453822199668927],[-105.94163396777421,39.454160296789297],[-105.94155801611525,39.454444470561057],[-105.94148990674873,39.454707574662002],[-105.94139515604583,39.455004370608933],[-105.94126761773336,39.455311621426056],[-105.94115352091249,39.455639191416758],[-105.94105859503809,39.455923228754692],[-105.94097826319383,39.456028084579131],[-105.94076745105451,39.456303264475039],[-105.94056014593809,39.45655503444825],[-105.94033885944256,39.456745664673299],[-105.94011791430685,39.456961808132256],[-105.93989039080834,39.457178014730253],[-105.9397808035302,39.45735243134208],[-105.93968689095544,39.457567926495642],[-105.93963481112685,39.457756809585042],[-105.93957755161233,39.457905286873988],[-105.93946712440939,39.458016421473253],[-105.93924480215637,39.458130504301721],[-105.93884472756312,39.458246021956889],[-105.93844451642595,39.458351323027102],[-105.93807750163177,39.458476779955291],[-105.93773153795799,39.458595353620453],[-105.93743343292925,39.458563635046076],[-105.93707012009239,39.458474692984858],[-105.93669418772238,39.45842668779224],[-105.93623205391604,39.458333428729766],[-105.93595445562863,39.458254001575654],[-105.93550475270921,39.458104498532492],[-105.93514774874056,39.457995090396629],[-105.93485733868056,39.457941290000839],[-105.9346005795111,39.4579433540991],[-105.93427189313518,39.457981720236802],[-105.93390466903355,39.458091849716752],[-105.93356411052281,39.458227280773052],[-105.93322979709994,39.458337152547294],[-105.93300994251898,39.45841485606843],[-105.9328029158803,39.458497610122521],[-105.93259625036434,39.458580361303881],[-105.93235589802525,39.458671798709894],[-105.93208096773421,39.4587556906123],[-105.93186425096854,39.458820500151823],[-105.93167991397731,39.458889554985134],[-105.93144436043845,39.45897750956464],[-105.93126100530581,39.459046088452887],[-105.93106916378868,39.459097180991549],[-105.93094594098285,39.459128479019597],[-105.93084941880221,39.459153002248627],[-105.93062937288009,39.459213330964289],[-105.93041840443392,39.45924655497965],[-105.93019115402326,39.459284406465152],[-105.9299635308117,39.459322269720751],[-105.92973629207913,39.45936012740723],[-105.92954886847659,39.45938865729125],[-105.92886604016448,39.459436236664153],[-105.92793770857347,39.459438557337641],[-105.92700280041625,39.459440895350248],[-105.92646255360438,39.459414583514118],[-105.92588044080868,39.459332304256833],[-105.92565641265493,39.459284532000964],[-105.92536153167975,39.459223082540092],[-105.92518879732873,39.459193634996474],[-105.92415310897643,39.459021571428316],[-105.92348273400913,39.458793264935608],[-105.92266188584185,39.458582835979634],[-105.9213037885408,39.45844340090504],[-105.92018291744168,39.458335464379708],[-105.91734001636708,39.458241112115431],[-105.9158534438107,39.458152696068765],[-105.91488261202529,39.457993456320111],[-105.9141707420784,39.45788224400296],[-105.91347996367605,39.457737486353004],[-105.91291725449049,39.457508263583357],[-105.91257002149722,39.457294045833926],[-105.91204884232556,39.456947682452999],[-105.91163833739354,39.456834081119922],[-105.91134112259526,39.457153487337472],[-105.91110825951067,39.457455692539718],[-105.91060295985831,39.45832743691345],[-105.91015505177282,39.458648008419502],[-105.90927705009221,39.459005329388994],[-105.90846510872097,39.45949112757733],[-105.90758258042968,39.459485828733129],[-105.906344311201,39.459496161478953],[-105.90588672646325,39.459673294521721],[-105.90555859794111,39.459983384283937],[-105.90524107043763,39.460400679306176],[-105.90514997048804,39.460557421603546],[-105.90496128565081,39.460882040812976],[-105.90459911547097,39.461414112538975],[-105.90432752331955,39.461816737490302],[-105.90415112114721,39.462022915668101],[-105.90377308761778,39.462464735782554],[-105.90358920337744,39.462702867319145],[-105.90339194232419,39.462958323151511],[-105.90292955788789,39.463591291836757],[-105.90248542901477,39.464209818476299],[-105.90219693595961,39.46473415705097],[-105.9019356537727,39.465222521460511],[-105.90179283601557,39.465595533215549],[-105.90168710430663,39.465982567649071],[-105.90161768699303,39.4663235371222],[-105.90162193422772,39.466652501227607],[-105.90162793227887,39.467117339401241],[-105.90163365364891,39.467560706240711],[-105.90161447282097,39.468218136457487],[-105.90162995528489,39.46870435438634],[-105.901598494487,39.469126565138048],[-105.901611600907,39.469426853621925],[-105.90159556328422,39.469657022552653],[-105.90150079371669,39.469948856835892],[-105.9014080184091,39.470107266898175],[-105.9013112932092,39.470270203497343],[-105.90121956713385,39.470424162221022],[-105.90074738297611,39.47077573086532],[-105.900275781825,39.471028530965036],[-105.89986268615171,39.471196221775905],[-105.89949563362831,39.471356411158993],[-105.89926661443482,39.471486913044657],[-105.89900132845669,39.471667768491599],[-105.89886633053412,39.471933438408207],[-105.89880654226207,39.472305805351013],[-105.89879175060258,39.472592000602802],[-105.89872207457421,39.472914381446017],[-105.89864233921128,39.473172469497285],[-105.89849449088855,39.47351323315624],[-105.89838681522534,39.473671748131459],[-105.89827955727874,39.473834772769038],[-105.89815575685616,39.474011422060372],[-105.89800525041852,39.47417477180926],[-105.89787056870293,39.474324484414666],[-105.89772805098308,39.474478815546064],[-105.8975802403896,39.474633090168467],[-105.89744034754705,39.474773829708738],[-105.89729439826283,39.474923628394933],[-105.89714794861702,39.47506441796645],[-105.89698047210531,39.475234656342508],[-105.89684809007684,39.475422642061481],[-105.89673676905021,39.475581183889389],[-105.89642609659066,39.475881624800245],[-105.89555251821453,39.476605945248828],[-105.89495541882498,39.477061116238062],[-105.89423104163437,39.477667467266265],[-105.89399910650947,39.478053076218274],[-105.89404622853601,39.478369781419303],[-105.89424450378721,39.478718706984942],[-105.89416050591824,39.478886235731657],[-105.89384978225472,39.479108477265854],[-105.89374805793027,39.479194859383945],[-105.89358745442883,39.479335753329963],[-105.89344856680107,39.479442684490373],[-105.89325860096625,39.479590563593689],[-105.89311907822957,39.479704274080937],[-105.89294961284786,39.479849741111387],[-105.89282076389341,39.48001742452707],[-105.89270173172835,39.480171514913124],[-105.89264965728965,39.480275534761731],[-105.89256531356932,39.480442874632466],[-105.89254260415895,39.480589161051348],[-105.89239550323452,39.481114768445416],[-105.89225373291302,39.482057542567041],[-105.8921989069346,39.482582448301969],[-105.89224110529507,39.483476126786961],[-105.89221672771322,39.483976949682265],[-105.89211210991522,39.484216158507827],[-105.89194305955517,39.484229376643619],[-105.89169635972027,39.48418358634823],[-105.89104547729632,39.48380713829593],[-105.89038105636271,39.483573822027552],[-105.88988748870796,39.48347032364039],[-105.88944143294857,39.483473736195691],[-105.88919580031224,39.48351137621183],[-105.88889211764391,39.483823618596389],[-105.88872429258591,39.483932172164671],[-105.88837143703725,39.484006392978159],[-105.88766330138698,39.483964127385427],[-105.88692515931128,39.48398168160422],[-105.88640279616008,39.484033347237968],[-105.88583414731389,39.48407343368094],[-105.88529686494246,39.484160970250571],[-105.8848826266121,39.48424756102267],[-105.88445256625467,39.484298515807218],[-105.88364092761569,39.484302993259362],[-105.8826471052472,39.484143884761508],[-105.88203423772943,39.484042727875369],[-105.88147901151021,39.483927728661442],[-105.88069381837487,39.483874086285539],[-105.88000167094003,39.483879325726868],[-105.87972495389992,39.483893340554481],[-105.87946348216849,39.483895318604297],[-105.87940345404627,39.484014971446179],[-105.87946783630268,39.484240959929984],[-105.87961272018495,39.484752430090808],[-105.87967830438723,39.485073777010314],[-105.87974402782834,39.485407034164922],[-105.87974658084038,39.485609657888595],[-105.87965639986734,39.485777222035189],[-105.87953620528231,39.486004608035046],[-105.87941569538864,39.486208163198853],[-105.87913380584911,39.487032773108638],[-105.87898929386935,39.487772906332118],[-105.8788815867651,39.488311768307511],[-105.87878663753452,39.488834575440876],[-105.87868046115952,39.489293231886258],[-105.87863755941818,39.489464752645169],[-105.87859288889402,39.48964079307197],[-105.87853812489936,39.489735816129965],[-105.87847442985415,39.489844421476519],[-105.87842459491546,39.489912376510773],[-105.87831284988398,39.489998829787993],[-105.87821962362213,39.490069364296275],[-105.87802178854541,39.490203761165795],[-105.87792399255369,39.490258561948217],[-105.87773749331755,39.490368095444225],[-105.87765525704486,39.490418272761637],[-105.87747389617215,39.490532270578484],[-105.87732254711477,39.490605496458087],[-105.87712569030342,39.490701589969738],[-105.87701065743803,39.490801573889478],[-105.87687687673265,39.49091532913264],[-105.87672672512954,39.491067268478098],[-105.87659775580083,39.49120114486778],[-105.87654893775503,39.491278099723324],[-105.87629284783048,39.491646259098069],[-105.87600323996602,39.492106168400014],[-105.87578047394524,39.49250931452891],[-105.87531223788316,39.492944582722203],[-105.87485566644507,39.493341385801038],[-105.87423357233104,39.493789484523369],[-105.87386732739309,39.49402825544562],[-105.87317085636676,39.494433287072404],[-105.8727756533373,39.494572141898985],[-105.87234362836433,39.494718423552278],[-105.87183739266744,39.494836652626709],[-105.87138591557532,39.494904407988749],[-105.87080441812562,39.494908763445743],[-105.87036083452988,39.494869169191659],[-105.86987961871027,39.494772637089788],[-105.86938836960728,39.494611827826731],[-105.86897051645623,39.494414694278817],[-105.86868278517241,39.49428810565113],[-105.86823676534563,39.494187737155599],[-105.86799812609378,39.494212042141939],[-105.86774744582385,39.494204904749722],[-105.86763867601262,39.494196706036924],[-105.86738983908566,39.494176036292252],[-105.86660634017296,39.494150342772734],[-105.86658474467352,39.494372331029574],[-105.86677246741506,39.494621248630011],[-105.86692375179375,39.494812872621701],[-105.86692612244778,39.495003576192879],[-105.86690084205907,39.495444806299147],[-105.86687540266853,39.495874116747906],[-105.86687791795133,39.496076748096108],[-105.86675809796378,39.496339870860766],[-105.86650367980397,39.496913927094383],[-105.86629407230546,39.497380372974135],[-105.86609910554945,39.49778710347411],[-105.86591045844148,39.498028355427216],[-105.86549274902089,39.498518738243646],[-105.86521893892903,39.498771103403207],[-105.86474762613712,39.499227569038794],[-105.86435205390006,39.499588107236207],[-105.86423149100577,39.499791647586939],[-105.8642814858446,39.50010119671574],[-105.86451638271498,39.500433204169823],[-105.86453413162837,39.500623795280411],[-105.86444611110358,39.500970131860285],[-105.86443426771486,39.50125630204591],[-105.86429861042886,39.501483784370549],[-105.86421042820733,39.501818202213478],[-105.86395330252523,39.502177718453389],[-105.86372592635041,39.502453567006235],[-105.86284256082924,39.503187245909935],[-105.86215493012365,39.503573791859068],[-105.86113380166546,39.504368074263496],[-105.8602937636871,39.504874936872838],[-105.85963245900921,39.504903670581697],[-105.85904881009439,39.504991412425895],[-105.8584363279539,39.505234342344139],[-105.85746904810711,39.505408362628344],[-105.85672964479673,39.505342307304517],[-105.85593077211627,39.505137969497021],[-105.85595774043938,39.505293137450352],[-105.85617235874057,39.505417792364995],[-105.85638699860128,39.505542456066472],[-105.85650183922722,39.505706689626898],[-105.8566554637172,39.505967740294814],[-105.85689827115198,39.506344667894048],[-105.85711588533461,39.50671206477638],[-105.85724385214347,39.506924756658478],[-105.857510179269,39.507175263615771],[-105.85794088821007,39.507541087650878],[-105.85844753174213,39.507964628326825],[-105.85885758032997,39.508330431572318],[-105.85918440719327,39.508628404339525],[-105.85951183143624,39.508976425393783],[-105.85984051332059,39.509424575106117],[-105.86006066524391,39.509806769956093],[-105.86008673076017,39.5101737146773],[-105.8600492045375,39.510624563744813],[-105.86001394117103,39.511258975473517],[-105.85993393451687,39.511760200492304],[-105.85987342669428,39.512094410869679],[-105.8599825962558,39.512210422459127],[-105.8602220538729,39.512453029826254],[-105.86061577468215,39.512570215514231],[-105.86128171376856,39.512910957993157],[-105.86190090362929,39.513204367609099],[-105.86284161580156,39.513866309721635],[-105.86302766408342,39.513977558672288],[-105.86321364409334,39.514084301417938],[-105.86330869393522,39.514155686772028],[-105.86347746491923,39.514280580125813],[-105.86364617751275,39.514400966555776],[-105.86381458737399,39.514525869170853],[-105.86398335835801,39.514650759780096],[-105.86406550569747,39.514708709062944],[-105.8642382211839,39.514829072574514],[-105.86441130048799,39.514949435184569],[-105.86458437979209,39.515069787883895],[-105.86475709797345,39.515190142453797],[-105.86495926652312,39.515326055568387],[-105.86517618091811,39.515448332791678],[-105.86536400696593,39.515555070505449],[-105.86555182133564,39.515661796274074],[-105.86574878863981,39.515772959188787],[-105.86595030950411,39.515893872487318],[-105.86612009019449,39.516017985860486],[-105.86628881266948,39.516138358884611],[-105.86645795106442,39.516263263226875],[-105.86662672923495,39.516388150019594],[-105.86668870580303,39.516459770704579],[-105.86682068358964,39.516607456732771],[-105.866952672156,39.516755151455889],[-105.86709889003647,39.516936512176862],[-105.86718649464132,39.517140863103663],[-105.86725950970761,39.517311524446825],[-105.86724664223948,39.517388198839662],[-105.86750363407259,39.51787239113996],[-105.86792294518935,39.518670281273231],[-105.8681025633304,39.519253017529792],[-105.86814323185995,39.519879717468115],[-105.86759999365817,39.5205084060837],[-105.86690622386594,39.520855065566707],[-105.86595645398064,39.521298453621867],[-105.86540296600148,39.52160135860067],[-105.86486360403018,39.522055907962148],[-105.8647077589048,39.522327404936263],[-105.8645230545026,39.522741391361265],[-105.86416874637814,39.523306495821402],[-105.86383332892576,39.523911294675479],[-105.86362995214208,39.524301700612071],[-105.86357836908184,39.524586641789547],[-105.86356829178098,39.524912323053449],[-105.8635918968117,39.525087848944786],[-105.86361266316612,39.525297193942443],[-105.86359272416007,39.525506832101897],[-105.86355409570453,39.525646780610593],[-105.86349962276402,39.525843168691758],[-105.86344151973145,39.526039574925854],[-105.86338789749551,39.5262314427993],[-105.86336887027947,39.526427570082888],[-105.86334486100687,39.526616731815913],[-105.86330705720476,39.526720863709215],[-105.86327643004347,39.526802192975516],[-105.86320946513062,39.526973887934432],[-105.86314214268829,39.527145584547519],[-105.86304883647635,39.52730396686016],[-105.86273958964317,39.52775625889241],[-105.8623309325457,39.528317128543904],[-105.86198468769922,39.528698760767952],[-105.86178231253707,39.528834984879168],[-105.86131444747919,39.529339085973128],[-105.86110535830862,39.529857972597185],[-105.86064057357387,39.530612373693764],[-105.86019506309188,39.531183060146013],[-105.8596397461428,39.53158767706455],[-105.85912082533578,39.531917030128113],[-105.85861138175498,39.53207921496012],[-105.85837433611447,39.53208096577216],[-105.85779253862745,39.532085260700299],[-105.8575945023281,39.531752970077612],[-105.85733057280605,39.531321041992705],[-105.85704552119672,39.530922625253723],[-105.85643375681013,39.530242935246903],[-105.85606252712066,39.529845150449319],[-105.85586592812578,39.52962965542195],[-105.85571302857622,39.529463900060762],[-105.85536356955765,39.52908265035024],[-105.85505555970461,39.528567597857446],[-105.85473076303386,39.52807721854321],[-105.85448457344204,39.527873015505016],[-105.85409268519597,39.527546901214343],[-105.85331173210878,39.527123518725681],[-105.85231752615967,39.526630170544905],[-105.85186625747669,39.526377224750583],[-105.85166908535665,39.526279556406429],[-105.8503697261971,39.526015334424102],[-105.84954627291549,39.525637532389389],[-105.84928446072257,39.525372441827855],[-105.84902366632085,39.525190778158773],[-105.84884824241387,39.524941744853543],[-105.84862974069573,39.524693012766562],[-105.8481073398153,39.524262940749828],[-105.84778069890324,39.523981633317973],[-105.8472837167521,39.523868438721337],[-105.84683043314794,39.523804992486482],[-105.84614156366555,39.523860068891068],[-105.84548796114294,39.523878296951231],[-105.84531679345376,39.523974149056976],[-105.84522899301621,39.524109943124664],[-105.84512055109003,39.524281937845394],[-105.84508528682525,39.524462400293167],[-105.84504996776323,39.524638358315734],[-105.84500809369457,39.524798588807414],[-105.84495751764577,39.524990444172715],[-105.84490035065771,39.525193592762648],[-105.84482209302342,39.525396895277012],[-105.84475471398724,39.525568590246074],[-105.8446730759925,39.525762906761969],[-105.84455455766383,39.525943974423278],[-105.84445072499339,39.526106924313353],[-105.84426469108458,39.526207390140662],[-105.8440560555632,39.526317028428501],[-105.843844061241,39.526422186954015],[-105.84364857885201,39.526522719536281],[-105.8434245183589,39.526627198711708],[-105.84316922883326,39.526692890122391],[-105.84291835452723,39.526753266271477],[-105.84266263381025,39.526804686010884],[-105.84243662217634,39.526846871509996],[-105.84222202633308,39.5268709516629],[-105.84199184831286,39.526899652023573],[-105.84176161549543,39.526923845792737],[-105.84158452521358,39.526952158111293],[-105.84135663071085,39.526989848724611],[-105.84112910811064,39.527027537238766],[-105.84101809520612,39.527046361047802],[-105.84079169729664,39.527088546400087],[-105.84056532274337,39.527130730340879],[-105.84030027931036,39.527180121708852],[-105.83968418324748,39.527437323070991],[-105.83910661682543,39.527791933467036],[-105.83862977220801,39.528074308438462],[-105.83818967946549,39.528342106158654],[-105.83788752393315,39.528558840582285],[-105.83766838171621,39.528767829371155],[-105.83735689807797,39.528977483382057],[-105.83697178133252,39.529209120167174],[-105.83640678054468,39.529341240797187],[-105.83619313242403,39.529414871301896],[-105.83609513341304,39.529429091045159],[-105.83566495717295,39.529594712073227],[-105.83528085552376,39.529781851712499],[-105.83509419099762,39.529922853765207],[-105.83488030123016,39.530037019586111],[-105.83403216943105,39.530527612316519],[-105.83348124793866,39.530796189043585],[-105.83294884791081,39.531071777089039],[-105.83248059747571,39.531304004123818],[-105.83159061586248,39.531741049671744],[-105.83142521086583,39.531805307598226],[-105.8312159653884,39.531883390477489],[-105.83100671811432,39.53196147534743],[-105.8308652460335,39.531989516788784],[-105.83064113253977,39.532040674913148],[-105.83040169019404,39.532087438995696],[-105.83006189794625,39.532172382764372],[-105.82975105480679,39.53219956984772],[-105.82936934626953,39.532184478384998],[-105.82911956161995,39.532150500064496],[-105.8287627453992,39.532049568931946],[-105.82866523686837,39.532014222873812],[-105.82835066302556,39.531955734447543],[-105.82804471121284,39.531857783648285],[-105.82778467229429,39.531738048957813],[-105.82750211350985,39.531594507843124],[-105.82728247901615,39.531532990626609],[-105.8270632712222,39.531475984489987],[-105.82684363762682,39.531414474096948],[-105.82663357019089,39.531361904177189],[-105.8264125379186,39.531304899978672],[-105.82615434324131,39.531241409960181],[-105.82588846796837,39.531205006893089],[-105.82562302927663,39.531159578726353],[-105.82536781431116,39.531087054477965],[-105.82514928923683,39.531025535426089],[-105.82500508358257,39.530977002467111],[-105.8247911641707,39.530906436032964],[-105.82457724475883,39.530835870912831],[-105.8243633388217,39.530765296020995],[-105.82424197822344,39.5307120951109],[-105.82403913414072,39.530623429608283],[-105.82390984591008,39.530535440221378],[-105.823742439467,39.530436495937778],[-105.82350054831382,39.530288014811944],[-105.82333237111622,39.530124713752691],[-105.82318911947281,39.529995060512768],[-105.82310327556594,39.529910565134479],[-105.82303591000446,39.530069624302371],[-105.82301734182754,39.530220678486955],[-105.82299505552365,39.530396548475295],[-105.82297281952542,39.530576913968169],[-105.82294058887135,39.530773126670482],[-105.82289394025696,39.530888338688527],[-105.82280568527187,39.531073675503968],[-105.82263882859773,39.531270830464329],[-105.82252727670407,39.531400025427345],[-105.82216122041231,39.531842331832117],[-105.82177941934857,39.532359973422643],[-105.82146183614955,39.532841387002939],[-105.82123668150842,39.533329323007706],[-105.82091988253863,39.533877976106226],[-105.82073010355339,39.5341769893707],[-105.82054259640752,39.534781790539675],[-105.82050197279375,39.535254104581597],[-105.82048016349526,39.535754891105263],[-105.82033676901973,39.536127812726157],[-105.8200925413485,39.536565817914195],[-105.81982165257793,39.537094104368265],[-105.81962166423948,39.537367284910879],[-105.8193203234791,39.537662642553073],[-105.81896255055258,39.537872573836154],[-105.81869606173029,39.537988883218198],[-105.81838371121781,39.53813412020402],[-105.81806213231239,39.538279423392851],[-105.81791578237954,39.538402040539296],[-105.8178627108109,39.538602667669608],[-105.8179423850884,39.539064273856908],[-105.81796619313837,39.539172231269639],[-105.81798237,39.539248704869969],[-105.8180043113508,39.539352169385495],[-105.81810861114519,39.539878279443492],[-105.8182741967032,39.540606618901712],[-105.8183893993502,39.540977709141643],[-105.81846276925103,39.541263676429217],[-105.81864789586139,39.54175187743877],[-105.81878183556857,39.542144289689112],[-105.81886009769444,39.542515639796946],[-105.81892298156096,39.542682454362478],[-105.81906985431328,39.543072017684636],[-105.81912881074537,39.543371981254857],[-105.81912394367316,39.543743917073975],[-105.81911132144512,39.543861105382682],[-105.81908229687828,39.544130421612579],[-105.81912370022972,39.544619948405071],[-105.81910082463101,39.544773881719372],[-105.8190640485016,39.545021339316591],[-105.81906182606959,39.545111457749925],[-105.81905776568449,39.545291693572736],[-105.81905204700939,39.5454854644493],[-105.81896861148581,39.545799089511284],[-105.81890611479319,39.545983096703338],[-105.81875974869068,39.546367950536315],[-105.81829067090719,39.546805137451017],[-105.81764995022576,39.547310288397696],[-105.81726648458377,39.547696808399742],[-105.81643312917279,39.548320114470251],[-105.81628537696982,39.54858816588284],[-105.81627086288977,39.549189040792839],[-105.81629808813108,39.549672784845548],[-105.81623987909731,39.550223896539521],[-105.81622712661354,39.550974933734089],[-105.81601959242671,39.551660606767207],[-105.81591788247529,39.552178640129718],[-105.81617770489986,39.5522769473612],[-105.81671815652761,39.552406658030414],[-105.81712790597646,39.552420466484627],[-105.81760191191761,39.552400444363627],[-105.81816098292626,39.552279690910296],[-105.81884511289719,39.552243849526],[-105.81940022503038,39.552311461629806],[-105.82019662734382,39.55247032886205],[-105.82064156290406,39.552595926289314],[-105.82113770063884,39.552701674614099],[-105.82135167215299,39.552772252829968],[-105.82155702163703,39.552820356354069],[-105.82216173155369,39.553021453658467],[-105.82257048297429,39.553211660833284],[-105.82306815413325,39.553512487914951],[-105.82324026954507,39.553641919223281],[-105.823782171952,39.554111382913739],[-105.82402465240001,39.554302763862047],[-105.82436052619653,39.554579314127643],[-105.82467765394973,39.554740035147731],[-105.82481247131093,39.554851698598064],[-105.82497186388338,39.554981224373641],[-105.82508724799004,39.555079527633701],[-105.82524519786814,39.555209055754375],[-105.82537304969263,39.555316271199878],[-105.82570302515099,39.555598943537404],[-105.82586346965064,39.555883879539827],[-105.82594153324884,39.55623377345146],[-105.82596500802383,39.556655576576453],[-105.82597696460026,39.556884354775427],[-105.82602621293908,39.557141473780931],[-105.82613063490435,39.557376748945913],[-105.82630930352614,39.557640091098229],[-105.82652446171478,39.557863855892222],[-105.82688012000715,39.558247525999228],[-105.82712415364229,39.558567629230623],[-105.82740615277626,39.558973283276792],[-105.82783688776847,39.559453683948327],[-105.82809109572253,39.55985238084638],[-105.82836004503039,39.560358923722752],[-105.82856214890131,39.560614286681684],[-105.82875939468317,39.560884650126738],[-105.82888307922308,39.561184152324458],[-105.82901719949164,39.561583704266951],[-105.82907646224923,39.561905111398367],[-105.82909423721378,39.562247242024455],[-105.82903829013787,39.562453526125964],[-105.82892975478693,39.562776553222513],[-105.82883110449738,39.563027582410221],[-105.82870482472464,39.563285951513947],[-105.82868804419513,39.563429108521049],[-105.82872746945631,39.56363623676026],[-105.82883139914479,39.563828594205468],[-105.82896341376232,39.56404891935572],[-105.82904435196942,39.564124930636041],[-105.82919084832766,39.564268059595399],[-105.82933728449873,39.564406672340432],[-105.82941978487609,39.564491682507857],[-105.82955833024575,39.564639381323161],[-105.82969682171647,39.564782548001574],[-105.82983431695554,39.565020817989726],[-105.82991138701703,39.565284890802765],[-105.82998922513808,39.565613319426006],[-105.83004798483911,39.56589183909211],[-105.83020804485982,39.566141003867394],[-105.83054041792168,39.566397141217955],[-105.830869267791,39.566572546278756],[-105.83125945911949,39.566776217192761],[-105.83140905646209,39.566842734839256],[-105.83161062673373,39.566935891291863],[-105.83184570775877,39.567046846077702],[-105.83239289315787,39.567255390042597],[-105.8328572008872,39.567445154464465],[-105.83324051651053,39.567561721050005],[-105.8334707349549,39.567616383945541],[-105.83364227185167,39.567678227885743],[-105.83385345769013,39.567753299639335],[-105.8340650028547,39.567828368541655],[-105.83478680098213,39.56807426684199],[-105.83514895858555,39.568221857616749],[-105.83557622158919,39.568404738917842],[-105.8359706754237,39.568558051627114],[-105.8364107484033,39.568641889188839],[-105.83661472166833,39.568697643960803],[-105.83681064602843,39.568853580502648],[-105.83704500390965,39.569130815082246],[-105.83720545379917,39.569408581754743],[-105.83737121632529,39.569735921678628],[-105.83757371904821,39.570063915127037],[-105.83778943778559,39.570326972283958],[-105.83799573139902,39.570575808823534],[-105.83822128668875,39.570888867592686],[-105.83836152089113,39.571311555866714],[-105.83848020540815,39.57167013694005],[-105.83856854213994,39.572098614118225],[-105.83851137874514,39.572593664481829],[-105.83832006813236,39.573003543421507],[-105.83778153889929,39.573509642637305],[-105.83706686800534,39.57402257791675],[-105.83620606457085,39.574679606334506],[-105.8354643391155,39.575249940785731],[-105.83504294211065,39.575560499627557],[-105.83423616874724,39.576102693134906],[-105.83374108832955,39.576435229759255],[-105.83342210825026,39.576809416546411],[-105.8330631172082,39.577174890331847],[-105.83299741442832,39.577278980294473],[-105.83261113346626,39.577655683508169],[-105.83228055523836,39.577954761537818],[-105.83177486302219,39.578172925189513],[-105.83113001727696,39.578349192936741],[-105.83040251844074,39.578568957509482],[-105.82956418815972,39.578796652549315],[-105.82846753114906,39.579061944091592],[-105.82790099603872,39.579194062587078],[-105.82722547102992,39.579535668253335],[-105.82701805811566,39.579675642133452],[-105.82694289787246,39.579912886091705],[-105.82684387568035,39.580159572364749],[-105.82670764077764,39.58030442681968],[-105.82653471059386,39.580389190401135],[-105.82552087016759,39.580311646755831],[-105.82485298622856,39.580366460918526],[-105.82422882868433,39.58047101135341],[-105.82351958990289,39.580676293401872],[-105.82289896992424,39.581081197075029],[-105.8226223876314,39.581400226998547],[-105.82232463474227,39.581752781631479],[-105.82202628537181,39.582055267695836],[-105.82172833126006,39.582391134302355],[-105.82140781057005,39.582643714622037],[-105.82134517374024,39.582709598095519],[-105.82098296583115,39.582594240876965],[-105.82075205478567,39.582607792694617],[-105.82050489680999,39.58254993332438],[-105.8200173640373,39.582349537824129],[-105.8198413346658,39.582233636518261],[-105.81966525139538,39.582113241023251],[-105.81956512697046,39.582046370393762],[-105.81935962836604,39.581962211870767],[-105.81916837794039,39.581882468328885],[-105.81897899690881,39.581775679591871],[-105.81865852832111,39.58142461708843],[-105.81836292060888,39.581176376141649],[-105.81816100089256,39.581034759568638],[-105.81780645740949,39.581013413620056],[-105.8174396653975,39.581164727319866],[-105.81700524821095,39.581361927588901],[-105.81680539821305,39.581422187634239],[-105.81657630176447,39.58149973557579],[-105.81634281524907,39.58157345890065],[-105.81612856974876,39.581642541343641],[-105.81588282572133,39.581725359872173],[-105.81564337888402,39.581817152484703],[-105.81543542069238,39.581895199857208],[-105.81522715348029,39.581977753608399],[-105.81503182290658,39.582078236175263],[-105.81483905253144,39.582178701980212],[-105.81467558160763,39.582265445441713],[-105.81446508298036,39.582343508925497],[-105.8142337380486,39.582428474945551],[-105.8139904643882,39.58249099870369],[-105.81389213030563,39.582514212126519],[-105.81368679609294,39.582443569327424],[-105.81328646727646,39.582427845609011],[-105.8128487721374,39.582521516297746],[-105.81260068979529,39.582577313217108],[-105.81233019808009,39.582628761520546],[-105.81205859964047,39.58268021740146],[-105.81183161423279,39.582717842439166],[-105.81170924752141,39.582741222639044],[-105.81148339848257,39.582783349211489],[-105.81125761052918,39.582829975938488],[-105.8110321181215,39.582872105226279],[-105.81080631938831,39.582918724277903],[-105.8099758197216,39.58307990648543],[-105.80940399353426,39.583245544854407],[-105.80876872472825,39.583373138614256],[-105.80822157346512,39.583549393136117],[-105.80780189583575,39.583737086518504],[-105.80749437197126,39.583985572375774],[-105.80715664405197,39.584375930459032],[-105.80688996119359,39.584716514340627],[-105.80655301121536,39.585169384109633],[-105.80628041923902,39.585553223673891],[-105.8060934807267,39.586171968578128],[-105.80594639417536,39.586506738016027],[-105.80554205078786,39.586976805822779],[-105.80518142391369,39.587496631482502],[-105.80465133435273,39.588284629532644],[-105.80424717601819,39.588771377439642],[-105.80403633064124,39.589190031486623],[-105.80375905125574,39.589458950192999],[-105.80296917699947,39.590165303426637],[-105.8022649723769,39.590820988139747],[-105.8015611378602,39.591510049654978],[-105.80128614828038,39.591979201599088],[-105.8011199464781,39.592531047990953],[-105.80108334731678,39.593098685356495],[-105.80098069143938,39.593549959440566],[-105.80070050151235,39.59356858730105],[-105.80052797826542,39.593569775856679],[-105.79947151008395,39.593610424169874],[-105.797985613959,39.593820892213607],[-105.79682170816788,39.593895627614963],[-105.79613209847373,39.593950415111536],[-105.79581239974222,39.594286363891086],[-105.79553620282664,39.594655387265384],[-105.79540813540646,39.59477308278489],[-105.79497790706408,39.594876150910245],[-105.79478645900903,39.595111086907593],[-105.79459425816579,39.59527928123245],[-105.79442342105663,39.595430641308468],[-105.79423292162254,39.595749015407797],[-105.7936148645374,39.596404058211881],[-105.7932750839677,39.596873634553496],[-105.79314833796931,39.597108135308879],[-105.79263581676037,39.59756219978722],[-105.79222884759731,39.597815289628436],[-105.79182130530911,39.598018321227407],[-105.7916277489081,39.598069711689547],[-105.79098295077358,39.598274355324662],[-105.79055250503889,39.598360720087065],[-105.78947592806979,39.598534919475853],[-105.7888095380291,39.598739698095265],[-105.78825005379541,39.598860313884096],[-105.78788449606863,39.598962914939818],[-105.78702473467987,39.599235752854753],[-105.78635644649897,39.599273652000527],[-105.78544275115888,39.599446810147036],[-105.7852863948921,39.599492918300825],[-105.78473219724387,39.599677210099223],[-105.78397019860918,39.599879445787849],[-105.7833514821606,39.600080700783145],[-105.78287585026881,39.60026250615882],[-105.78232895682216,39.600479294167918],[-105.78190129227158,39.600679252394336],[-105.78145749397851,39.600860841630649],[-105.78098243341523,39.601094373023614],[-105.78051622844401,39.601409143368144],[-105.78025764299959,39.601776716125535],[-105.78003837322188,39.602102142368921],[-105.77983485270775,39.602411453380135],[-105.77957509406357,39.602678025636081],[-105.77933119697236,39.602938337894322],[-105.7791190822759,39.603192274639426],[-105.77886708866902,39.603440311434383],[-105.77867095230653,39.603700303833136],[-105.77836940852688,39.603959062582511],[-105.77829402729813,39.604054174924379],[-105.77815442101816,39.604199274962419],[-105.77800039498123,39.604357994932457],[-105.77781192843462,39.604462873913512],[-105.77760121241506,39.604581418607609],[-105.77736799449595,39.604673081275202],[-105.77713286047032,39.604755747002301],[-105.77685351316305,39.604854475244615],[-105.77658381196528,39.604955382121972],[-105.77635875613885,39.605044745785946],[-105.7761050952588,39.605165815693503],[-105.77597488715331,39.605391691676225],[-105.77594586078986,39.605644406160621],[-105.7759238170311,39.605810837721528],[-105.77592601610692,39.606007905554954],[-105.77591140590714,39.606124478572212],[-105.77595960770864,39.606299866149143],[-105.77601117459923,39.606488825343931],[-105.77603302162694,39.606682321411341],[-105.77605253033995,39.606880415217823],[-105.77614584014515,39.607154443483942],[-105.77620398360192,39.607369607037811],[-105.77622217358811,39.607572730358889],[-105.77626582542268,39.60791733264162],[-105.77634215886565,39.608335628749522],[-105.77630782615383,39.608464561152211],[-105.77631841190112,39.608587317211096],[-105.77631691620616,39.608766334026086],[-105.77631597117849,39.608878979717929],[-105.77635179599201,39.609167201397383],[-105.7764095001726,39.609544356187449],[-105.77646777119016,39.609973204749487],[-105.77647008165705,39.610180056183651],[-105.77645880241035,39.610366311290989],[-105.77647516432494,39.610635139482],[-105.77640584043614,39.611137599103607],[-105.77690102865169,39.611645927793191],[-105.77707117765132,39.611913709488171],[-105.77722743510341,39.612135047880741],[-105.77755219494325,39.612499563715083],[-105.77777166953682,39.61283185230954],[-105.77807781448735,39.613196934709265],[-105.77845000357756,39.613678390711158],[-105.77916830636021,39.614240959401769],[-105.77964743988497,39.614638251252664],[-105.7801914982486,39.615051789991348],[-105.78084267172669,39.615397859477881],[-105.7810835585634,39.615713292793785],[-105.78130324965097,39.616062268846989],[-105.7817842858075,39.616626418062516],[-105.78200248030183,39.616841888489475],[-105.78215669408664,39.617124547304684],[-105.78235388147803,39.617390220073332],[-105.78259403079787,39.617638914602736],[-105.78279178412789,39.617954653250926],[-105.78268916148815,39.618422605394983],[-105.78269198219813,39.618672891222339],[-105.78254452913414,39.618990955030291],[-105.78254866228276,39.619358058022513],[-105.78273783849845,39.620251229558079],[-105.78292998544278,39.620645456830651],[-105.78293336939646,39.620945809997117],[-105.78293581371234,39.621162731840442],[-105.78267914976429,39.621364714491335],[-105.78261780740682,39.621665510150329],[-105.78268779694722,39.622132291347597],[-105.78297150557519,39.622414076087665],[-105.78304018177867,39.622764058336223],[-105.78282986101783,39.623249404949327],[-105.78262079520346,39.623814412385279],[-105.78255273973583,39.624284881557756],[-105.78253608227553,39.624665875078001],[-105.78251581718104,39.624993433464375],[-105.78249259483262,39.625173444337683],[-105.78248832244513,39.625353677537838],[-105.7824846878615,39.625506883622563],[-105.78247385148423,39.625651625265419],[-105.78235246483482,39.626041495993867],[-105.78230335483657,39.626333558913281],[-105.78240487614177,39.626885995035359],[-105.7824750255823,39.627074755509938],[-105.78255336406495,39.627274661145236],[-105.78270034371681,39.627446710739562],[-105.78283466071639,39.627590879592752],[-105.78290515690664,39.627666542347626],[-105.78292775043434,39.627846584320515],[-105.78294356257999,39.627972640198713],[-105.78293394252161,39.628152909004442],[-105.78292432336156,39.628333187026776],[-105.78287239265329,39.628509235124298],[-105.78282049787764,39.628685286233264],[-105.78276195736551,39.628881642739401],[-105.78273799031375,39.629082309057779],[-105.78272452905921,39.629217552817472],[-105.78287753550829,39.629352152873324],[-105.78294813769972,39.629414269660906],[-105.78311359479865,39.629540011342087],[-105.78329432056245,39.629644535990323],[-105.7834221634038,39.629830059310628],[-105.78358182097925,39.630047778005824],[-105.78381375251088,39.630167769852591],[-105.78399307869947,39.630271908185705],[-105.78410546782298,39.630395040688057],[-105.78421200532073,39.63057259663303],[-105.78445015948232,39.630844187106007],[-105.78466259667397,39.631093966543176],[-105.78489505910993,39.631262570906792],[-105.78525356416343,39.631454634091661],[-105.78553741652185,39.631533753939735],[-105.78584259758004,39.631645145621363],[-105.7861365721551,39.631691776816197],[-105.78654691808532,39.631834865846976],[-105.78685183863207,39.631921938707166],[-105.78727275324161,39.632073060253454],[-105.78756728207718,39.632168302779235],[-105.78783046509925,39.632271865256506],[-105.78813611597636,39.632423768509071],[-105.78842109033056,39.632600110606518],[-105.78870660906384,39.632825075173471],[-105.78899167774115,39.633009525924408],[-105.78930780836436,39.633161343845522],[-105.78984503414193,39.633400807343612],[-105.79030881006859,39.633632657142527],[-105.7907090706131,39.633808218546136],[-105.79102558661359,39.633992446675627],[-105.79129034078908,39.63423375791951],[-105.79141804169659,39.63440306374617],[-105.79147844172137,39.634600535146504],[-105.79152631743442,39.634775916297002],[-105.79169753542925,39.635017034558985],[-105.79188876070212,39.635242634650709],[-105.7921111449389,39.635443712824362],[-105.79239679123295,39.63567676851406],[-105.79277823297058,39.636038836593237],[-105.79296718909902,39.63626319987074],[-105.79355690523526,39.636309042758782],[-105.79443711856808,39.63629492586989],[-105.79516098551561,39.636354803292136],[-105.79561237547114,39.636416531226907],[-105.79606293987493,39.636405343440593],[-105.79660612956769,39.636383319296996],[-105.79719197127011,39.636429477566026],[-105.79756204752275,39.636435577854698],[-105.79788692773683,39.636433348876508],[-105.79845182791337,39.636340328059944],[-105.79900643519338,39.636263585204077],[-105.79938360813678,39.636240384260972],[-105.79960896669547,39.636139720151213],[-105.79980815732995,39.636043733178361],[-105.79995449109309,39.63597515812554],[-105.80022745766689,39.635809472215726],[-105.80066594332339,39.635660585067775],[-105.80107325654119,39.635536220141148],[-105.8018799301916,39.635506345074546],[-105.80227816952673,39.635503593750684],[-105.80255236769079,39.635510457877977],[-105.80284408569784,39.635499683646835],[-105.80326120133203,39.635437225034863],[-105.80373309443561,39.635339571207474],[-105.80431873940699,39.635230168898524],[-105.80470908794068,39.635195246239867],[-105.80521935797151,39.635167200869333],[-105.80559587963633,39.635099762287986],[-105.80606487746977,39.635024966894839],[-105.80638084370126,39.6350051768705],[-105.80674290967654,39.6349755783002],[-105.80720921256409,39.635039943967072],[-105.80767126552205,39.635117759106691],[-105.80830099621433,39.635194416757308],[-105.8088677568018,39.635263410438171],[-105.80934048983018,39.63535735488616],[-105.81010533612432,39.635419430307728],[-105.81034778243635,39.635455689428881],[-105.81070409649887,39.635453200990582],[-105.81115397638642,39.63538522376804],[-105.81145694309745,39.635302078526657],[-105.81161357604536,39.635252355984939],[-105.81233163448623,39.63507835966869],[-105.81254667319895,39.635009064172429],[-105.81276191672754,39.634940196148136],[-105.81314794526303,39.634714889092173],[-105.81353456488995,39.634614936026431],[-105.81385858182303,39.634539736778891],[-105.8141614452278,39.634448467869831],[-105.81449546041,39.634332687641574],[-105.81486130469935,39.634249075539181],[-105.81519570885209,39.634165691637122],[-105.81553167966666,39.634064805200104],[-105.81566359816445,39.6340098176819],[-105.81586755076823,39.63392271700932],[-105.81607159500017,39.633835759435009],[-105.81629255181397,39.633735095284919],[-105.81649285007119,39.633643584558307],[-105.81697522651415,39.633524213775807],[-105.81712996042353,39.633587241414112],[-105.81740382171935,39.633659199102603],[-105.81774765818257,39.633878431221831],[-105.81802338527925,39.634108689611054],[-105.81846488658014,39.634506660236148],[-105.81863080541311,39.634684920967338],[-105.81863205227471,39.634790474874499],[-105.81863491251059,39.635033198093261],[-105.81862486395582,39.635339365047912],[-105.81849371531423,39.635855065662746],[-105.81850597731787,39.636035192864028],[-105.81851953648876,39.636234611869014],[-105.81853458596471,39.636449460886681],[-105.81854726568496,39.636629585848283],[-105.81856163513623,39.636832204769661],[-105.81859620859656,39.63704370987692],[-105.81862850752262,39.637219199670334],[-105.81866250067128,39.637399027233123],[-105.81871463978869,39.6375880267464],[-105.81876573416541,39.637763393404342],[-105.81879715453911,39.637871249717506],[-105.81889929029198,39.63807112277302],[-105.81898560671267,39.638275523650478],[-105.81903646393417,39.63840117243786],[-105.81909400731632,39.638576653944625],[-105.81915731339103,39.638982964488008],[-105.81921239718594,39.639347191570366],[-105.81929537187378,39.639615866381497],[-105.81936292697979,39.63980610778264],[-105.81941543081319,39.639951585985322],[-105.81954859707091,39.640169415328721],[-105.8197433221801,39.640300580927544],[-105.8198914920997,39.640421090412225],[-105.82015531651886,39.640573195748352],[-105.82027579407318,39.640717111042562],[-105.82040682952706,39.640864854210903],[-105.82050656947304,39.641062282952042],[-105.8205385521921,39.641255876060292],[-105.82056398709105,39.641435871599072],[-105.82057670454056,39.641525919344588],[-105.82066944391553,39.641695125004269],[-105.82080941311489,39.641873636298207],[-105.82098069219516,39.642180809203609],[-105.8210173569335,39.642324722535861],[-105.8210659827398,39.64249558088067],[-105.82111430132232,39.642639404323717],[-105.82126863997297,39.642666937545869],[-105.82140655472529,39.642671565267726],[-105.82178322461213,39.642618417696603],[-105.82209458877443,39.64256573009061],[-105.82247085711434,39.642478929338978],[-105.82293411022151,39.642385897976233],[-105.82332435544893,39.642254115148695],[-105.82384450874453,39.64206531238996],[-105.82419847191592,39.641933784896992],[-105.82469680782822,39.641739527534575],[-105.8252238781515,39.641522622470525],[-105.82557387256595,39.641310306492791],[-105.82575547778045,39.641199531507482],[-105.82593255818081,39.641091521281453],[-105.82608819310043,39.640989184653328],[-105.82624760813076,39.640971227408819],[-105.82650904303127,39.640991804325665],[-105.82676410079155,39.641085351536375],[-105.82692524957038,39.641213221968009],[-105.82715994252318,39.64142470537719],[-105.82741540272875,39.641551901418431],[-105.82776564148496,39.641717699470341],[-105.82805724810093,39.64183341061387],[-105.82842852180787,39.641937345997853],[-105.82888030432719,39.64199153585885],[-105.82944568240744,39.642053498106186],[-105.82986667247546,39.642067313603135],[-105.83034630905678,39.642131200210464],[-105.83076044228423,39.642178724292933],[-105.83118129940158,39.642181326626677],[-105.8316239900719,39.64218937504527],[-105.83193601539426,39.64219275351315],[-105.83229157936351,39.642195810320828],[-105.83298877353361,39.642084034418225],[-105.83352667933583,39.642034753933842],[-105.8338980608406,39.641979101067982],[-105.83424007821536,39.641923654988972],[-105.8345434976773,39.641913906230833],[-105.8348575765484,39.641979776901955],[-105.83513983080394,39.642093031227773],[-105.83549793431048,39.642308233512146],[-105.83584259273218,39.642472288643276],[-105.83620756116412,39.642696743804592],[-105.83666164516721,39.643003831429311],[-105.83714974118357,39.643302343686734],[-105.83746076398606,39.64350522736045],[-105.83783700537651,39.643850712540058],[-105.83809493505078,39.644128925311989],[-105.83828258143554,39.644263820771044],[-105.83852918335408,39.644413430231126],[-105.83882545222636,39.644623247189948],[-105.83904330536086,39.644826050899511],[-105.83919245264748,39.645014215969574],[-105.8394109489757,39.645269993945426],[-105.83961902843991,39.645472867695894],[-105.83978171333786,39.645629505056384],[-105.83991585426767,39.645728087843096],[-105.84009382400018,39.64587062075833],[-105.84033008451317,39.645974889701215],[-105.84056633244974,39.646079150186395],[-105.84078264946511,39.646153277199886],[-105.84095009902732,39.64623533795082],[-105.84124610559154,39.64629521990944],[-105.84169325190568,39.646154260800621],[-105.84221014521512,39.645983988376749],[-105.84258080627102,39.645867742573074],[-105.84308752975311,39.645667266746628],[-105.84362214233151,39.645345460977758],[-105.84401137605593,39.645145824759446],[-105.84429299430423,39.644954536265622],[-105.84469183012072,39.64473969153331],[-105.84501278649361,39.64456325172501],[-105.8453542523028,39.644429851656064],[-105.84557523247278,39.644371108728613],[-105.84605611411911,39.64420745860906],[-105.84650508131833,39.644090650214856],[-105.84701408652124,39.644079372362455],[-105.84757175885301,39.644045021385111],[-105.84795435402744,39.644064753485068],[-105.84840495795711,39.644122199001103],[-105.84878647515325,39.644174898563953],[-105.84903858104951,39.644385848592272],[-105.84927314823818,39.644655898330626],[-105.84949865142565,39.644940322226176],[-105.84965853178328,39.645153702671784],[-105.8499021944142,39.645409395051423],[-105.85010805593798,39.645600985946679],[-105.85033251258814,39.645799594359403],[-105.85053804083692,39.645962578749938],[-105.850836941773,39.64619640067756],[-105.85128525320205,39.646543558772329],[-105.85166846731573,39.646862582500567],[-105.85198569657852,39.6470819602186],[-105.85223806568121,39.647291801589638],[-105.85260251758186,39.647589509578815],[-105.85292988523096,39.64788033263661],[-105.853192239108,39.64815017021462],[-105.85352824944846,39.648390866960476],[-105.85377219954026,39.648667993515588],[-105.8540433748734,39.648902011721788],[-105.8543800939846,39.649199916129177],[-105.85453101185064,39.649434808880223],[-105.85462752684478,39.649760222714647],[-105.85463788801326,39.650079187334597],[-105.85466111036168,39.650272544242732],[-105.85476732895749,39.650594524894231],[-105.85490009636322,39.650858167789593],[-105.85506996688515,39.651128689548024],[-105.85533498516531,39.651613062522507],[-105.85565662964774,39.652187847059722],[-105.85594235768848,39.652850863636303],[-105.85614282213402,39.653350007452985],[-105.85620163842893,39.653622050032446],[-105.8562099119127,39.653802192512622],[-105.85621736792956,39.653982349047446],[-105.8562426492166,39.654171375858766],[-105.85626745080329,39.654351406248182],[-105.85632981185029,39.654535582421644],[-105.85636570673242,39.654639006281144],[-105.85645039989741,39.655032711852414],[-105.85651842392399,39.655296827482452],[-105.85659587756611,39.655575175399157],[-105.85667280479545,39.65581061153086],[-105.85668442091038,39.656055780485822],[-105.85669864034303,39.656404026755808],[-105.85668242575214,39.656590097279697],[-105.85669619512882,39.656862122266588],[-105.8567608989821,39.657062101572834],[-105.85675363879798,39.657267164878867],[-105.85673838001456,39.657447478364439],[-105.85672331167399,39.657652552975691],[-105.85670276720343,39.657798508171531],[-105.85674371960062,39.657879934748635],[-105.85697961719423,39.657960719439615],[-105.85723280645873,39.657989187806415],[-105.8574643517148,39.658010228552691],[-105.8576431380159,39.658026478693479],[-105.85786349206015,39.658083417435869],[-105.85811473377713,39.658152055630168],[-105.85837764011806,39.658246937198804],[-105.85858585971945,39.65832712047736],[-105.85874336223654,39.658387773448069],[-105.85893506810805,39.658490062886926],[-105.85912677577622,39.65859235148281],[-105.85925968062419,39.658663269993248],[-105.85941209059192,39.65880116896335],[-105.85958806965776,39.658960399268189],[-105.85974490382827,39.659150353696091],[-105.85987391447949,39.659318843327711],[-105.86000898157234,39.659486874729964],[-105.86013202381682,39.659639207145055],[-105.86026583775984,39.659804867081021],[-105.86039642405606,39.659970370326413],[-105.86051687645757,39.660127100705218],[-105.86063189045835,39.66027497252356],[-105.86073221251264,39.66043656387464],[-105.86083259655071,39.660598271721184],[-105.86089356970059,39.660696517121934],[-105.86101629214484,39.660849014918696],[-105.86113900111431,39.661001512378945],[-105.86122511541409,39.66110853370256],[-105.86132626571508,39.661270085069347],[-105.86142728935363,39.661431409921725],[-105.86151168876951,39.661597470808779],[-105.86159639810417,39.661767964107526],[-105.8616663481187,39.661907172892491],[-105.86175088497684,39.662104795346053],[-105.86188215309437,39.662288124468368],[-105.86201117542366,39.66245661198257],[-105.86211586868016,39.662638190581895],[-105.86220923148595,39.662803995467009],[-105.8622496116563,39.662875966321224],[-105.86228969268763,39.663051420983379],[-105.86232358342835,39.663199791362757],[-105.86237446849762,39.66337512902566],[-105.86239664700368,39.663451533370875],[-105.86243420736234,39.663631412347563],[-105.86245862806334,39.663748416621978],[-105.86250732214162,39.663923661611548],[-105.86255443249007,39.664099110155959],[-105.86263931879284,39.664278481945104],[-105.86272031179718,39.66444482089657],[-105.86278368255057,39.66457495226468],[-105.8628757014767,39.66474095511704],[-105.86296811476323,39.664906850385854],[-105.86305794629165,39.665068481386768],[-105.86314634231222,39.665234628962438],[-105.86323467724738,39.665400685550793],[-105.86329668166323,39.665517222135591],[-105.86341734966041,39.665669497001709],[-105.86353844705231,39.665826102431375],[-105.86364023425881,39.665956173111823],[-105.86376484406345,39.666108446319079],[-105.86388945566472,39.66626072610579],[-105.86394803390608,39.666332316492024],[-105.86408248744962,39.666479985561928],[-105.86425033406718,39.666661588855469],[-105.86441286086165,39.66682055211097],[-105.86453854235643,39.666940621911777],[-105.86467481768334,39.66708828345817],[-105.86496136588592,39.66719062225345],[-105.86545975030724,39.667170698987363],[-105.86556698938922,39.667140202106715],[-105.86579657541967,39.667110055107891],[-105.86591110433018,39.667107814671638],[-105.86626974682588,39.66710080501003],[-105.86670428079344,39.667068958304057],[-105.8672404133213,39.667022039791931],[-105.86762850977856,39.666976233170267],[-105.86805361682549,39.666930143005551],[-105.86850629137192,39.666869542479155],[-105.86884766914618,39.666788322878617],[-105.86931369175937,39.666714943371659],[-105.86954844849258,39.666677973878421],[-105.87003852709078,39.666557705161168],[-105.87063844808866,39.666431623490517],[-105.87103542349418,39.666357125448904],[-105.87147893522469,39.666303738155904],[-105.87199657233916,39.66625694636037],[-105.87250987777733,39.666211690358296],[-105.87305859660066,39.666135567048919],[-105.87392249832455,39.665934656955109],[-105.87423731740745,39.665781096472287],[-105.87453760174905,39.665575955393443],[-105.8746520156752,39.665522393928214],[-105.87483846640232,39.665413453585913],[-105.87496449644341,39.665339828515648],[-105.87561762375726,39.665013892630462],[-105.87627994712467,39.664701363719153],[-105.87685071599495,39.664468207384836],[-105.87741332187424,39.664330949697664],[-105.8779016227065,39.664152734269877],[-105.87854596090359,39.6638832433731],[-105.87911754185089,39.663714430170558],[-105.87953173526546,39.663539650048975],[-105.87979998209077,39.663285010155754],[-105.87998764374689,39.66300696022023],[-105.88022357547646,39.662640431854626],[-105.8804050836729,39.662360139426902],[-105.88067022771719,39.662107809780849],[-105.88092629787883,39.661869864736033],[-105.88116413852839,39.661653501373905],[-105.88141122104562,39.661437070254074],[-105.88167129949004,39.661197651277561],[-105.88195958503438,39.660825956386034],[-105.88232377283035,39.66035832079519],[-105.88248975544371,39.660070988681262],[-105.88265694808776,39.659879000124732],[-105.88306768029354,39.659434850745008],[-105.88362728579979,39.658888490727321],[-105.88395652733458,39.658585612055887],[-105.88420359008883,39.658369174786174],[-105.88447824729204,39.658138226057496],[-105.88466026303658,39.657900827529033],[-105.8847592942118,39.657685534074524],[-105.88482054044957,39.657459056952376],[-105.88481131564991,39.657210041500612],[-105.88486837573845,39.657115000825428],[-105.88497881821273,39.65709163259649],[-105.88521440498926,39.657095604414458],[-105.88563163381119,39.657163946205053],[-105.88611527777698,39.657360507490857],[-105.88646913135393,39.657536604809806],[-105.88682307835566,39.657719844387103],[-105.88716739631585,39.65787455905803],[-105.88749377851308,39.65807231614486],[-105.88793098856188,39.658254915280814],[-105.8882736221809,39.658371445243738],[-105.88872629493068,39.658565160709315],[-105.88938815207244,39.658687686813074],[-105.89030302061231,39.658645880974312],[-105.89082818830381,39.65864185322765],[-105.89138472247011,39.658741974198485],[-105.89173133293092,39.658855301346762],[-105.89213676777145,39.658875388147401],[-105.89263193352912,39.658871582409709],[-105.89309948687155,39.659053570158015],[-105.89329602927255,39.659168055178682],[-105.89368779804271,39.659292624497191],[-105.89400485932056,39.659440978050185],[-105.8942488354635,39.65974067730027],[-105.89425122767712,39.659926240223562],[-105.89430028108151,39.66023903761851],[-105.89453149126597,39.660712819880963],[-105.89473074568082,39.661036056865136],[-105.89500623113068,39.661451497356758],[-105.89535884772748,39.662028734592006],[-105.8956799577123,39.662490225621582],[-105.89632263851772,39.663447980984913],[-105.89661194544652,39.663770525405752],[-105.89664406111625,39.663932677016462],[-105.89673889446418,39.664303098705098],[-105.89687694935367,39.664534014385275],[-105.89710204470599,39.664532276599424],[-105.89747660804348,39.664482991370036],[-105.89825557585388,39.664372568153084],[-105.8989451172761,39.664309243558193],[-105.89942500718234,39.664282326801739],[-105.89997979322709,39.664243231653366],[-105.90066977212884,39.664214689795379],[-105.90152391814875,39.664115266892502],[-105.90212356695709,39.664064217981732],[-105.90266424136703,39.664094813724702],[-105.90320446212776,39.664090614106421],[-105.90376028842161,39.664132673897917],[-105.9042865664308,39.664209778608594],[-105.90457002712377,39.66407998678207],[-105.90500307707447,39.663914222992368],[-105.905733993102,39.663572149801006],[-105.9062272211936,39.663417518420758],[-105.90648126655259,39.663334336348363],[-105.90716713835683,39.662992615734815],[-105.90773508921208,39.662814192160894],[-105.90848099273185,39.662471984897863],[-105.90925777943274,39.662199117563183],[-105.90981178214655,39.662102000821747],[-105.91021754307556,39.662145213933215],[-105.91062406667422,39.662246419006401],[-105.91104544032287,39.662335907854306],[-105.91149957373328,39.662633904432887],[-105.91184729002019,39.662828370023313],[-105.91240576544581,39.663279600308996],[-105.9127330908741,39.663541634735424],[-105.91301423391361,39.663811199574688],[-105.91328584403135,39.664059372478924],[-105.91363246437362,39.664381343542026],[-105.91395988143006,39.664650530994749],[-105.91425124550089,39.664991522852212],[-105.91443903202281,39.665197446383019],[-105.91479862313948,39.665550812849069],[-105.91495422661805,39.665671131724423],[-105.91527932602106,39.665886714936995],[-105.91555020850342,39.665942577446302],[-105.91601679705524,39.666043289448197],[-105.91630727269226,39.666151922462021],[-105.91680847153535,39.666498403634321],[-105.91722199570505,39.666745450812414],[-105.91766041039462,39.667242614123182],[-105.91868443232633,39.667935397835485],[-105.91909774898519,39.668165748882849],[-105.91947076452546,39.668613356237685],[-105.92016984695428,39.669225253130683],[-105.92060565203796,39.669522178647206],[-105.92144832477506,39.669699877529709],[-105.92182054620461,39.669854259061367],[-105.92220212089289,39.670015725675675],[-105.92251959180251,39.670227752975549],[-105.92263253338993,39.670369891720284],[-105.92272776469152,39.670561915435933],[-105.92285204571276,39.6707315423483],[-105.92290630305762,39.670807525760175],[-105.92305139175578,39.670950543533309],[-105.92322863295459,39.671102071410722],[-105.92372980664484,39.671459680143116],[-105.9242147980836,39.671741898675421],[-105.92464379214081,39.671988794347293],[-105.92495106807026,39.672129383403515],[-105.92524899613088,39.672262890434396],[-105.92554692329317,39.672396397898716],[-105.92575203652029,39.672509200670085],[-105.92602335468554,39.672728739688793],[-105.92626671368592,39.672934203173241],[-105.92646400438356,39.673154329941468],[-105.92654561992038,39.673300029755907],[-105.92659754164548,39.673546265767918],[-105.92660623643911,39.674197014218656],[-105.92661225604984,39.674647525169043],[-105.92674984381539,39.67524717419807],[-105.92679815521139,39.675630601445235],[-105.92695442973145,39.676013167149421],[-105.92700170806486,39.67627117081495],[-105.92698063807987,39.676485616787808],[-105.92694112747873,39.676747693086476],[-105.92683144318254,39.676989552731172],[-105.92670541314143,39.677214926683028],[-105.92651026492574,39.677499014033295],[-105.92614667001786,39.678054521165095],[-105.92586562219975,39.678514772678],[-105.92546444178041,39.678909224421389],[-105.92493953819358,39.679466012379429],[-105.9246160503682,39.679805142551501],[-105.92428663006868,39.680102763733828],[-105.92400142754239,39.680489772918918],[-105.92357755298399,39.68096264200733],[-105.92323925553282,39.681401609612408],[-105.92299711913958,39.681794095273027],[-105.92292657354197,39.682149905778928],[-105.9228086606778,39.682582955590782],[-105.92271579823361,39.682878693358582],[-105.92256316189044,39.683105266220856],[-105.92241208502259,39.683344855396378],[-105.92204647968508,39.683693431474822],[-105.92148081594057,39.684079345530776],[-105.92102408011078,39.684535912954111],[-105.92083130614239,39.68512150263625],[-105.92066873802541,39.685659179795053],[-105.92048869498123,39.686042032144073],[-105.92032391790698,39.686412839243864],[-105.92021285739176,39.687343453359112],[-105.92023477179313,39.687831983591892],[-105.92022527749889,39.688279041139474],[-105.919876182298,39.688710911907307],[-105.91980314567216,39.689021400089793],[-105.91980804957528,39.689390872246427],[-105.91970465528273,39.689737356447637],[-105.91958597885052,39.690095886234865],[-105.91957815362609,39.690668086815563],[-105.919581791803,39.69094220900589],[-105.91978659960293,39.691262416510369],[-105.92018002666309,39.691843359967933],[-105.92046341728745,39.692270217680957],[-105.92048422855764,39.69267532575919],[-105.92040122422537,39.692911507121238],[-105.92033292980591,39.693038189527165],[-105.92025381068726,39.693228028141476],[-105.9201400669043,39.69344517877142],[-105.92006117416111,39.693653035172616],[-105.92005154601789,39.693806284162555],[-105.9200888036443,39.693977188741307],[-105.92019627179668,39.694165547632181],[-105.92037430800453,39.694398399129987],[-105.92046808313705,39.694514570907145],[-105.92055234780564,39.694631257445621],[-105.92069443433411,39.694792313617313],[-105.92081333804006,39.694962569469808],[-105.92087380364185,39.695124269769458],[-105.92091106396319,39.695295167628949],[-105.92097224642058,39.695510933486602],[-105.92104484107531,39.695708578006304],[-105.9211633890484,39.695851806182851],[-105.92130453054924,39.69594078839112],[-105.92148078000795,39.696038498997368],[-105.9216923763765,39.69616296174523],[-105.92182233744529,39.696288080217954],[-105.92195289769036,39.696458233539595],[-105.92211916417138,39.696682165014728],[-105.92226210769265,39.696906290680161],[-105.92254527283987,39.697148880121546],[-105.92290616471706,39.697437741067276],[-105.9234406685993,39.697873739663102],[-105.92385740424615,39.698231097111545],[-105.9241216293139,39.698478292749265],[-105.92432998545921,39.698655385616767],[-105.92448081978196,39.698852873912024],[-105.92458758545177,39.69898718495525],[-105.92485387305145,39.698701705508732],[-105.92517629008502,39.698579942931616],[-105.92537670242828,39.698566424878727],[-105.92579422949086,39.698634609528803],[-105.92636476749412,39.69860622841076],[-105.92694929765624,39.698470439577314],[-105.92741087001554,39.698371401201769],[-105.92774948457199,39.698309103074649],[-105.92804184307782,39.698247164305435],[-105.92884268756035,39.698133488448271],[-105.92921057102541,39.697951748794836],[-105.92979413100701,39.69774444861045],[-105.93006895439851,39.697527693732688],[-105.93051157679687,39.697166562882472],[-105.93106042497759,39.696673450407332],[-105.93191060493554,39.695641546163706],[-105.93232170724721,39.695232982848637],[-105.9328857944484,39.694727825942884],[-105.93314517849512,39.694511194996835],[-105.93383604403404,39.694255332448158],[-105.9343580056383,39.6940604175537],[-105.93483288653852,39.693806285544973],[-105.93515412408414,39.693601072859074],[-105.93544306899189,39.693288826045773],[-105.93583854510921,39.692868454957839],[-105.9361134915699,39.692663603074479],[-105.93644998879722,39.692446342152643],[-105.93724784727978,39.692118074724831],[-105.93750930643479,39.692056361966252],[-105.93803172438322,39.691897187199871],[-105.93879952254139,39.691628754310138],[-105.93929107796991,39.691469824642354],[-105.93965825176588,39.691240384958846],[-105.94040786981934,39.690769442965063],[-105.94116054304305,39.69052495641062],[-105.94165321777244,39.690449448155533],[-105.94198936196186,39.690208334514999],[-105.94249585457693,39.690013498748861],[-105.94283264106177,39.689820058097602],[-105.94316975004182,39.689650445573839],[-105.94333716995965,39.68948220894935],[-105.94373436275745,39.689192911008298],[-105.94402584630423,39.689071348716574],[-105.94459434692841,39.688899849939034],[-105.94505599115291,39.688812660809489],[-105.945595745688,39.688796346707946],[-105.94587407520406,39.688841770410782],[-105.94610808543726,39.689030560843236],[-105.94635716580768,39.689195406498733],[-105.94654488405764,39.68938459206165],[-105.94673455973661,39.689716796115491],[-105.94689225089991,39.689965819531771],[-105.94717285584859,39.690178076612924],[-105.94754569981063,39.690365751845349],[-105.94776362840361,39.690507007196217],[-105.94798400400744,39.690827039066733],[-105.94821948478274,39.691123105124042],[-105.9485795286503,39.691501587517479],[-105.94904900708239,39.691986457915974],[-105.94947288523403,39.692519377046722],[-105.9498335866684,39.692945529668371],[-105.95019234414846,39.693228665456616],[-105.95056602983195,39.693475923940191],[-105.9508775143685,39.69368792069627],[-105.95098811853954,39.693877722962448],[-105.95108575822441,39.694246432978368],[-105.95112332127802,39.694734821050261],[-105.95111198184419,39.69503290320575],[-105.951312051031,39.694995512712957],[-105.95157285261924,39.694886093529675],[-105.9518484144259,39.69472887935634],[-105.9522611938922,39.694451346521554],[-105.95272138913417,39.694256863502417],[-105.95324396428776,39.694109531685356],[-105.95358205153315,39.694011402923245],[-105.95401270927024,39.693912510909925],[-105.95436540312215,39.693754659282561],[-105.95471776639404,39.693572965471091],[-105.9550240083626,39.69340357230157],[-105.9553314109545,39.693317609572638],[-105.95599263747894,39.693157214234006],[-105.95634613172977,39.693058939650406],[-105.95689972301518,39.69292326501683],[-105.95725405000428,39.692884593214771],[-105.95745262708941,39.692739921110181],[-105.95791164464002,39.692461977286342],[-105.958446478204,39.692088060285933],[-105.95902973455503,39.691868689947341],[-105.96008973760715,39.691538109621447],[-105.96076504163041,39.69128220494644],[-105.96105699858933,39.691196356397342],[-105.96140982629022,39.691050400554133],[-105.96194627322842,39.690795641555447],[-105.9624850566847,39.690707743517237],[-105.96299413105788,39.690703522705313],[-105.96345693321081,39.690699682775481],[-105.96391990334867,39.690707760107415],[-105.96427438125473,39.69068097668049],[-105.96470565343948,39.690629713064553],[-105.96501419329854,39.690627150574002],[-105.96578535564745,39.690608827415907],[-105.96624897526726,39.6906645627882],[-105.96646528329948,39.690686601436013],[-105.96709761012291,39.690669416793696],[-105.96762227655449,39.690676966008986],[-105.96840919984507,39.690682327396061],[-105.96877926980952,39.690667320211737],[-105.96931853206785,39.690615137904636],[-105.97001122028847,39.690502078523352],[-105.97053639875978,39.690545372029135],[-105.97086103193715,39.690590330056068],[-105.9711558006229,39.690707067468431],[-105.97143697959504,39.690955024164175],[-105.97175070003836,39.691321901387859],[-105.97200019453209,39.691510528124816],[-105.97232700612403,39.691710428575931],[-105.97272793771005,39.691695149263985],[-105.97326619924515,39.691571445745126],[-105.97368171767476,39.691496440481089],[-105.97403485529443,39.691374284314371],[-105.97455718161468,39.691214945531236],[-105.9751561405169,39.691019202916628],[-105.97580963883496,39.6907538724261],[-105.97621671130426,39.690516819609108],[-105.97709677551677,39.69012560775343],[-105.97778458498709,39.689886196258001],[-105.97808599671436,39.689816902471335],[-105.97888367733047,39.689710061107093],[-105.97951068702575,39.689754839948833],[-105.97974873608445,39.689786205443994],[-105.98024521517904,39.689765329217948],[-105.98061331334145,39.689828967815707],[-105.98080743837605,39.689810641680765],[-105.98096792689313,39.689685667001974],[-105.98151233919296,39.68925399934384],[-105.98204730031769,39.688899040456555],[-105.98346462624036,39.688319673918784],[-105.98389393830116,39.688132473565389],[-105.9844511632719,39.687827384471149],[-105.98490185343984,39.68762331468325],[-105.98528845240553,39.687469845272119],[-105.9859557874739,39.687313994715751],[-105.9864292391545,39.687193157045883],[-105.98690411556314,39.687172434885056],[-105.98729140892654,39.687069022388897],[-105.98787236828539,39.686913894021714],[-105.98806839864667,39.687029041454437],[-105.98837097548889,39.687043152822426],[-105.98891087285614,39.687038555722999],[-105.98981982419321,39.687164302527506],[-105.99081585192572,39.687339369908308],[-105.99122713300214,39.687402614633335],[-105.99142125085021,39.687384271263348],[-105.9918301451029,39.687280650314641],[-105.99247253665081,39.686891361967788],[-105.9932430522127,39.686400835519422],[-105.99364833972956,39.686046931409265],[-105.99454482514544,39.685305009185505],[-105.99503433151679,39.684800191654141],[-105.99535370415987,39.684480399386878],[-105.99599484884612,39.68400765048014],[-105.99634012441042,39.683988001680348],[-105.99688096770366,39.684050124692547],[-105.99733757148108,39.684263129995408],[-105.99785921418342,39.684492267946702],[-105.99840174361444,39.684671167158783],[-105.99907455121952,39.6848990006281],[-105.99961636648987,39.685027840117058],[-106.00007081880221,39.685090672171832],[-106.00063398972183,39.685202635698971],[-106.00141455294018,39.685412843173879],[-106.00247827142429,39.685787464129682],[-106.00326126189057,39.686164521274961],[-106.00424418230476,39.686923641963659],[-106.00485490644225,39.687335542234592],[-106.0053775768173,39.687631393066354],[-106.00572480352237,39.687745191294617],[-106.00607057765163,39.687758883596906],[-106.00639646487716,39.687889562096963],[-106.00695201898148,39.688102778148782],[-106.0071383241815,39.688083142266116],[-106.0074056080128,39.68801776417272],[-106.00844208867922,39.68791865549661],[-106.00905957623247,39.687877252390116],[-106.00936235250067,39.687847590045415],[-106.00955979321697,39.687791813687014],[-106.00972265598135,39.687763366586218],[-106.00987345347316,39.687707995944905],[-106.01045346331276,39.687495710530975],[-106.01147458548273,39.687144439634139],[-106.0118471141361,39.686941070873843],[-106.01219020499762,39.686771205867217],[-106.01244765766647,39.686652154941527],[-106.01251072478931,39.68653479057825],[-106.01272570780648,39.686466170900786],[-106.01330928395777,39.686494450550462],[-106.01406586305636,39.686537896581051],[-106.01473343707659,39.686701543258231],[-106.01489733829345,39.68674516129127],[-106.0152607966574,39.686877135122558],[-106.01596318129322,39.687060209786871],[-106.0163141872107,39.687138229065589],[-106.01647822497146,39.687190852970843],[-106.01661920567385,39.687261699267538],[-106.01674812829015,39.687305621114469],[-106.01798849598333,39.687592101671285],[-106.01817545695351,39.687617474687741],[-106.01836229754949,39.687633866492028],[-106.01890980454546,39.687593021083835],[-106.01917838734067,39.687617694517137],[-106.01935396755455,39.687661203439326],[-106.01983561995537,39.68790025350453],[-106.02035159338996,39.688093942866402],[-106.02055115682528,39.688182297021996],[-106.02071599588328,39.688288967239082],[-106.02086930596292,39.688404751812094],[-106.02098670768572,39.688457778458925],[-106.02109218157818,39.688492891964842],[-106.02120891854767,39.68850087415845],[-106.02200223963969,39.688520933675939],[-106.02242294584008,39.688580301324492],[-106.02260979002926,39.68859667423569],[-106.0229710008084,39.688575473440643],[-106.02314550753547,39.688546906380374],[-106.02372827610134,39.688523749943776],[-106.02404312033704,39.688520973078802],[-106.02421841309001,39.688546457740941],[-106.02435875059864,39.688572249321012],[-106.02478065964318,39.688712687796411],[-106.0253796077656,39.688995729650372],[-106.02595551859258,39.68929699223834],[-106.02646052539417,39.689535796769768],[-106.02662037520909,39.689674048882154],[-106.02670913594567,39.689785889535592],[-106.02674612138256,39.689920712476273],[-106.0267593832111,39.690028716910568],[-106.02672648870204,39.690173176258263],[-106.02664518847385,39.69034057961305],[-106.026563458851,39.690512250391315],[-106.02650024889604,39.690643697196585],[-106.02646699955243,39.690761129230843],[-106.02650318369206,39.690841901744008],[-106.02663007252258,39.69099393967717],[-106.02670470904795,39.691065368253774],[-106.02686017957586,39.691199144905973],[-106.02695283720416,39.691279423353627],[-106.02712415042042,39.691404049522554],[-106.02740095998702,39.691510333884025],[-106.02799026379655,39.691922289740127],[-106.02846936677861,39.692185032570009],[-106.02899141551947,39.692430722222653],[-106.0294918714558,39.692676603855894],[-106.03047343271899,39.693318698260342],[-106.03123631349931,39.693779175679246],[-106.03158634384639,39.694076432494299],[-106.03193762015678,39.694457118199516],[-106.03220350531122,39.694905318969646],[-106.03249074162329,39.695336634025374],[-106.03286736928931,39.695967389373116],[-106.03317447274225,39.696281728775787],[-106.03337757014988,39.696863976439481],[-106.03358191711409,39.697529654633442],[-106.03371970789887,39.6980791089861],[-106.03390421916329,39.698861770023193],[-106.03408797224961,39.699594367856712],[-106.03420617706627,39.700277507463895],[-106.03423599754043,39.700827913777964],[-106.03420053025638,39.701345529632029],[-106.03428773600922,39.702846610724784],[-106.03435901193713,39.703279851405092],[-106.03462569659217,39.703778089061927],[-106.03506319949172,39.704141309825161],[-106.03556401385586,39.704403838891849],[-106.03580711503974,39.704768780694728],[-106.03643141811106,39.705124908198272],[-106.0365693391516,39.705299370230605],[-106.03669601777632,39.705478448426874],[-106.03694756402219,39.705906698706244],[-106.03730242820382,39.706520957005658],[-106.03757214646956,39.707219415188575],[-106.03777331699092,39.707668179936732],[-106.03790967316621,39.708117513290844],[-106.03805105541552,39.708900551142293],[-106.03810174914364,39.709400710158896],[-106.03798064187028,39.709969160627615],[-106.03792657856154,39.71068719884871],[-106.03797528341961,39.711053884805047],[-106.03809257015804,39.711670261636684],[-106.03814201612624,39.712086999417949],[-106.03860294619011,39.712566812614156],[-106.03921761932156,39.71321211216771],[-106.03967980523019,39.713775340247906],[-106.04011940659427,39.714272023331688],[-106.04053540202929,39.714635416195421],[-106.0407775761518,39.714933610714766],[-106.04084839393892,39.715333469526442],[-106.04122419425656,39.715897465957028],[-106.04159448790151,39.716094391490962],[-106.04205220738653,39.716357284837756],[-106.04242123800019,39.716470777962904],[-106.04311914183938,39.716898383029516],[-106.04353591252048,39.717311818079232],[-106.04417226469471,39.717956894278025],[-106.04448127976255,39.718387979576107],[-106.04479081405665,39.71885244316762],[-106.04522543336415,39.71901540517355],[-106.04602836553138,39.719241792400126],[-106.04657179148107,39.719453826778128],[-106.04790084624896,39.720176077870136],[-106.04855737817773,39.720720828896425],[-106.0489731822716,39.721067504741619],[-106.04940935386792,39.721330554633539],[-106.05016759574809,39.72145719938004],[-106.05060023157547,39.721486657960462],[-106.05111903380487,39.721498649364392],[-106.05234830730429,39.721337323176513],[-106.05396749814602,39.721239203421256],[-106.05467563020301,39.721260675399478],[-106.05492876287369,39.721291046117933],[-106.05518192518872,39.721340929242636],[-106.05543485663675,39.721404620947624],[-106.05565411204141,39.721463614836019],[-106.0557644368364,39.721493308336008],[-106.05597702943659,39.721565130278314],[-106.05612801647291,39.721616140830008],[-106.05625772870836,39.721705069086461],[-106.0563433004257,39.721776369144592],[-106.05647979494154,39.722018415128893],[-106.05653932360048,39.722124019438851],[-106.05657062359994,39.722278849639657],[-106.05658272121185,39.722359847130562],[-106.05659638548563,39.722557933642854],[-106.05664206571616,39.722782747036021],[-106.05672952120065,39.722979612145558],[-106.05680370138187,39.723078642145907],[-106.05695728634598,39.723203382931047],[-106.05712723232637,39.723325200166968],[-106.05729324009256,39.723475540092146],[-106.05738277158368,39.723559914121388],[-106.05750129260731,39.72368497324377],[-106.05765365586265,39.723822763119728],[-106.05782961336895,39.723981951304296],[-106.05799318310743,39.724149712766256],[-106.05816068028037,39.724325448415662],[-106.05829560094783,39.724506668123595],[-106.05839111701538,39.724672238795463],[-106.05848443760033,39.724834161040782],[-106.05858761539892,39.725013130490602],[-106.05866766247726,39.725179030892775],[-106.05870528032811,39.725349886098449],[-106.05870802468131,39.725530052934374],[-106.05871205452367,39.725793554927805],[-106.05870884214822,39.726007597651943],[-106.05870587860609,39.726151775797483],[-106.05867020470951,39.726327786158734],[-106.05863449398203,39.726508300724603],[-106.05860829461677,39.72663921122961],[-106.05856110611489,39.726815363361695],[-106.05851391851135,39.726991503989481],[-106.05846674078926,39.727167638640204],[-106.05841955049074,39.72734377905892],[-106.05837238534505,39.727519921791192],[-106.05832464527761,39.727695979094491],[-106.05827684681965,39.727876514259165],[-106.05825505728411,39.727957903123531],[-106.05820635062942,39.728134058104487],[-106.05817758926895,39.728237925156201],[-106.05810408911242,39.728409711686211],[-106.05805370440476,39.728527373077014],[-106.05805673621884,39.72872557313795],[-106.05810623698427,39.7289143304587],[-106.05817979103972,39.729123104579934],[-106.05828531972941,39.729322659796203],[-106.05838781570669,39.729501797220934],[-106.05844449041798,39.729668090979402],[-106.05847784037289,39.729884016024329],[-106.05853236272075,39.730072755665212],[-106.05862344200911,39.730211038485933],[-106.05866970434792,39.730278668190465],[-106.05871315316327,39.730582573399566],[-106.05897858826172,39.730980644052678],[-106.05929235092586,39.731712011020143],[-106.05960356596782,39.73227654292743],[-106.05989062261686,39.73267441520052],[-106.05993691819334,39.732874237852243],[-106.05996518368377,39.733307843304537],[-106.05999010474638,39.733524548637355],[-106.06014724434408,39.733906918533705],[-106.06010990586928,39.734291064479237],[-106.06018215826592,39.734774337542831],[-106.06009113287648,39.73548711469067],[-106.06001770728011,39.735627421766083],[-106.05991143748032,39.73578637199963],[-106.05982375202711,39.735917518411654],[-106.05979109287664,39.736070986462558],[-106.05980414090615,39.736160966817486],[-106.0598520570434,39.736241619870171],[-106.06009950966651,39.736433792642252],[-106.06028390504825,39.737183034685309],[-106.06014003626223,39.737668279008183],[-106.0601034640504,39.738102476006347],[-106.05991458248214,39.738471319944288],[-106.05966909267789,39.738775124101444],[-106.05958919292328,39.738892981249414],[-106.05951014566985,39.73906489319716],[-106.05945413481358,39.739218581503415],[-106.05945579040863,39.739326685611829],[-106.05948078333648,39.739434575412474],[-106.05956442726921,39.7396007754419],[-106.05962522614594,39.739721584890809],[-106.05969091185786,39.73991470743028],[-106.05973521407272,39.740044937634586],[-106.05977284270334,39.740215781556273],[-106.05977477408119,39.740341912917508],[-106.05979085931467,39.740521973570068],[-106.05980293177379,39.740657003381415],[-106.0598622421421,39.740719530588684],[-106.05993363754594,39.740808988190331],[-106.06011061823331,39.740933501412485],[-106.06029449708377,39.741035859917012],[-106.06038135608691,39.741084204957865],[-106.0605431498561,39.741213597144146],[-106.06073810942559,39.741369471714087],[-106.060938166036,39.741561014041778],[-106.06110478106331,39.741768825643987],[-106.06124039523016,39.741955174546611],[-106.06135484778389,39.742111467409956],[-106.06146847298923,39.742272489414603],[-106.0615818349882,39.742429252641749],[-106.06169830605637,39.742603882105207],[-106.06180400003606,39.742765093602095],[-106.06191070282384,39.742925908931596],[-106.06202459662542,39.743098946381721],[-106.06211938595588,39.743280285969163],[-106.06220400096745,39.743450610040476],[-106.06225145716728,39.74354488122755],[-106.06234962146827,39.743706492525192],[-106.06243105644371,39.743840562206536],[-106.06254835216532,39.743997171288896],[-106.06266648601506,39.744153395283703],[-106.06274081980821,39.744252192488268],[-106.06284543401291,39.744413413252538],[-106.0629516023031,39.74457403340665],[-106.06308970749825,39.744731172672651],[-106.06322327889616,39.744878611197585],[-106.0633122067194,39.744976782267308],[-106.0634330831257,39.745132869352453],[-106.06355184040628,39.745285427939216],[-106.06368275638422,39.745455280135594],[-106.06382821967985,39.745616115433535],[-106.06393067792789,39.745727955200351],[-106.06398894535215,39.746060617359518],[-106.06408134336733,39.746588210719189],[-106.06417576438854,39.747104639848139],[-106.06433399094774,39.74755374803177],[-106.06468239534416,39.747717424054514],[-106.0649229668722,39.747898768063614],[-106.06494818887043,39.748132162723657],[-106.06429941479246,39.748454623014339],[-106.06414722221702,39.748591167129554],[-106.06404613030652,39.748682192015082],[-106.06394431435389,39.748845313508518],[-106.06388661376656,39.748935940921292],[-106.06380492726284,39.749103372984628],[-106.0637508639541,39.749216493809413],[-106.06369988905328,39.74940843770392],[-106.06360412325412,39.749542203447639],[-106.06357063495865,39.749641619359217],[-106.06353728590204,39.749750043469902],[-106.06353991796581,39.749921207970516],[-106.06349206471062,39.750011754541795],[-106.06350117362763,39.750191870042777],[-106.06340958679115,39.750699398620107],[-106.0633689119734,39.750866643374373],[-106.06294097343667,39.751154241326304],[-106.06274694542012,39.751189398896123],[-106.06208801588787,39.751123827821104],[-106.06193752831484,39.751206303944997],[-106.06191598581601,39.751323630823151],[-106.06198767047738,39.751431092285785],[-106.06210631816346,39.751556146428214],[-106.06228319105301,39.751671656312581],[-106.06252380031029,39.751756821841951],[-106.06272876351878,39.751802733818089],[-106.06295948771466,39.751828688225771],[-106.06317310349596,39.751852723324689],[-106.06339667350893,39.751902275617752],[-106.06352448041766,39.751930595440349],[-106.0637469733506,39.75198374937807],[-106.06388766659209,39.752017365011348],[-106.06411977778679,39.752138861979404],[-106.06431143155601,39.752315499385297],[-106.06440897691776,39.752498840355024],[-106.06444481340939,39.752570888983435],[-106.06455379522303,39.752750248454603],[-106.0646953158129,39.752919976580927],[-106.06484898252373,39.753044704804758],[-106.06503307786815,39.753155649886601],[-106.06514353651211,39.753222219750569],[-106.0653238023385,39.753334394556639],[-106.06541461123393,39.753390911462063],[-106.06562252540813,39.753524061030369],[-106.06583984224839,39.753684684116848],[-106.06598464797726,39.753854525965508],[-106.06604153109767,39.753925756859566],[-106.06613599883127,39.754088401148785],[-106.06601754158802,39.754396700748579],[-106.06593518404276,39.75466445431956],[-106.06574758886198,39.755116727324562],[-106.06569018741364,39.755601184451059],[-106.06561221095204,39.756152577436083],[-106.0656217241109,39.756769910906556],[-106.06580341107205,39.75733560560888],[-106.06578410897156,39.757485966657974],[-106.06542277781817,39.757889773284006],[-106.06518833819027,39.758108857713523],[-106.06497781441018,39.758477907390251],[-106.06496106891498,39.758795108870814],[-106.064774461881,39.759314123827352],[-106.06471630315289,39.75974852073152],[-106.06474537173716,39.76023218428147],[-106.06483956099301,39.760731928837998],[-106.06501996785488,39.761214203000272],[-106.06528529066395,39.761595570571792],[-106.06553286994951,39.762227404927977],[-106.06577710929885,39.762642337284916],[-106.06637471713488,39.763537955451525],[-106.06655050755451,39.76371989861893],[-106.06687480566029,39.763716916932772],[-106.06728659518315,39.763779876195933],[-106.06763174588161,39.763930310180939],[-106.06777370484936,39.76407441590095],[-106.06794600711072,39.7644746698532],[-106.06801601821071,39.764807771107243],[-106.06808268128961,39.764923960329021],[-106.06841162638035,39.765221306205298],[-106.06876011791336,39.765384967868165],[-106.06908854198124,39.76564893410896],[-106.06954824225147,39.76601181448445],[-106.06977266925722,39.766296096947563],[-106.06983020275791,39.766504893850886],[-106.0698798256942,39.766689272840438],[-106.06990577981939,39.766783575061886],[-106.06998479653011,39.766967568010429],[-106.07007517603084,39.767147148924082],[-106.07012301670962,39.76724108594],[-106.07020762992452,39.76740722303407],[-106.07025547060331,39.767501150028316],[-106.07036010277433,39.767696221271642],[-106.07049037466021,39.767920078191153],[-106.0705918079305,39.768110737456489],[-106.07065771642461,39.768285651202746],[-106.0707220564602,39.768456478260099],[-106.07077446327555,39.76859559617602],[-106.07086261675101,39.768761626430361],[-106.07095072171745,39.768927560999167],[-106.07100296593775,39.769025959484786],[-106.0711176502568,39.769220750219844],[-106.07121372687307,39.769420377820133],[-106.07126774975764,39.769537098512259],[-106.07131644473422,39.769712340748129],[-106.0713503148137,39.76989221692503],[-106.07136812391421,39.769986663899104],[-106.07135805110492,39.770166863875495],[-106.07120202092661,39.770869191517612],[-106.07097246004901,39.77140529035816],[-106.07100364686073,39.772022431169837],[-106.07105671573444,39.7726560457575],[-106.07119446070517,39.773172077145873],[-106.0714174117789,39.773603881070578],[-106.07168412607835,39.774068651968882],[-106.07203708223831,39.774515946669787],[-106.07234497620867,39.774846836277341],[-106.07254320834073,39.775078620716926],[-106.07263280540887,39.775278046990778],[-106.07268330150761,39.775744812899184],[-106.07279789958839,39.776160929296061],[-106.07291507852902,39.776743893010448],[-106.07305000638301,39.777076387421886],[-106.07308830246188,39.777130229601482],[-106.07322687298435,39.777325054706189],[-106.0734701789841,39.777673233926762],[-106.07408706017456,39.778401756613448],[-106.07431211150943,39.778967044398698],[-106.07438788979351,39.779667192517017],[-106.07450353171669,39.780150040282422],[-106.07476821582358,39.780481331515055],[-106.07516499180309,39.7809615757741],[-106.07592723208461,39.781594444650338],[-106.07607286785678,39.781737251446302],[-106.07624390349361,39.781893339446832],[-106.07643885946985,39.782058042547803],[-106.07667196599787,39.782220317331493],[-106.07689347168231,39.782355391044732],[-106.07699099997608,39.782413501591947],[-106.07717814779585,39.782520522428918],[-106.07728557193079,39.782581954041376],[-106.07747131658209,39.7827136112708],[-106.07766292902879,39.782880694746311],[-106.07781830523361,39.783045528717899],[-106.07792550029815,39.783179680601911],[-106.07802991687353,39.783340861331993],[-106.07811695913298,39.783475236306032],[-106.0781826349634,39.783650202133252],[-106.07824672526733,39.783820927550657],[-106.07827536086364,39.783897237213026],[-106.07835908564478,39.784067419425455],[-106.07844856503358,39.784249308335895],[-106.07854243089594,39.78443084953598],[-106.07862929978053,39.784601039402716],[-106.07872403341547,39.784785049616588],[-106.07881459347756,39.784973270929612],[-106.07886607323155,39.785081063694392],[-106.07892318362575,39.785256224937484],[-106.07899070998565,39.785462805051445],[-106.07907648921382,39.785631022925507],[-106.07922720945049,39.785771473621516],[-106.07944388309703,39.78587728672872],[-106.07968528287175,39.785938407469615],[-106.07986071666022,39.785954794545283],[-106.08002503469535,39.786007325109196],[-106.08015446575813,39.786069189188375],[-106.08026124580101,39.786176313406848],[-106.08040520531686,39.786318851141587],[-106.08048662681759,39.786399469630688],[-106.08062073720467,39.7865470543464],[-106.08075546473434,39.786694291527503],[-106.08090090916536,39.786863726828024],[-106.0809621661829,39.786935639407766],[-106.08105811972999,39.787096923856794],[-106.08115220837453,39.787298704392107],[-106.08124111373988,39.787500661739237],[-106.08119785985896,39.787759836820072],[-106.08111616437208,39.788096726863763],[-106.08058697941459,39.788835886749553],[-106.08048276496018,39.789087158727526],[-106.0804866816148,39.789337426138296],[-106.08038417665438,39.789698818362467],[-106.0801968464766,39.790167804352002],[-106.08001106858762,39.790736891272658],[-106.07974086523166,39.79144026318847],[-106.07925854628087,39.792412586177178],[-106.07894245787848,39.792949512520536],[-106.07868734981253,39.793235566672315],[-106.0783655292603,39.793405420705675],[-106.07802208356424,39.793575482077379],[-106.07856670427323,39.793820733185356],[-106.0789570590951,39.793883849203809],[-106.07971954012511,39.794227185580603],[-106.08004841694388,39.79450779965876],[-106.08061884804764,39.795019787519792],[-106.08097092745187,39.795400308659822],[-106.08125760321524,39.795748066502995],[-106.08154766922048,39.796312719670333],[-106.08172749307573,39.79674490432275],[-106.08184348893511,39.797244435574953],[-106.0818320569748,39.797895331310954],[-106.08184094760117,39.798462605393347],[-106.08176356941756,39.799047369928097],[-106.08190119940392,39.799546698112067],[-106.0820153752765,39.799929435160749],[-106.08226995243815,39.800401617219514],[-106.08237309969401,39.800668670114554],[-106.08248622004616,39.800984661283913],[-106.08268770407956,39.801416649561645],[-106.08306589840743,39.802080595695109],[-106.08348895280396,39.802844244422531],[-106.0836896517098,39.803226170850571],[-106.08367430668811,39.803626800982521],[-106.08366420153949,39.804361122582797],[-106.08373852545112,39.804961157426341],[-106.08368515923507,39.805695885739254],[-106.08367321972661,39.806313411878619],[-106.08395942117951,39.806627792651675],[-106.08450442816408,39.806889679493324],[-106.08491807719959,39.807052701038259],[-106.08561661614768,39.807446642642802],[-106.08644629116094,39.807922804537498],[-106.08749282397535,39.808430287771138],[-106.08829982820578,39.808839902682358],[-106.08945693375023,39.809496515577067],[-106.09035128117571,39.809955344817595],[-106.09068396954623,39.810469516939257],[-106.09084384002242,39.811001997085121],[-106.09120318050911,39.811832963178851],[-106.09158257049464,39.812563617922841],[-106.09202186373656,39.812976656978584],[-106.0926091634047,39.81317137022203],[-106.09326270124862,39.813448896414897],[-106.09396083505651,39.813809428450398],[-106.09446610955607,39.814288580970164],[-106.09488722718481,39.814918715090968],[-106.09519620901501,39.815299598774061],[-106.09561549677557,39.815812929138517],[-106.09609651316916,39.816125439352298],[-106.09684008017088,39.816619013162935],[-106.09738813603751,39.817064382156332],[-106.09785124990582,39.817610671616016],[-106.0983547214866,39.817973018549061],[-106.09901019070838,39.81836729568974],[-106.0993851780507,39.818814285137471],[-106.09962903022614,39.81917908822146],[-106.0998728824016,39.81954388936893],[-106.10024628870899,39.819890775120456],[-106.10098805997846,39.820267536352034],[-106.10166226805705,39.820478075145253],[-106.10205280344032,39.820541101150354],[-106.10242115672425,39.820570973419812],[-106.10296714646573,39.820882836212213],[-106.1035134066001,39.821211383291526],[-106.10390688486423,39.821457939183546],[-106.10427872810304,39.821704703243626],[-106.10471680951765,39.822034271643744],[-106.10539452282249,39.822461672745817],[-106.10546745254885,39.822961588425279],[-106.10569024821405,39.823359949595684],[-106.10626058768962,39.823838435299784],[-106.10654589262383,39.824086014574483],[-106.10685525983128,39.824483550296762],[-106.10744671690254,39.824928438507868],[-106.1079078221379,39.825341214910246],[-106.10832377894538,39.825637609116015],[-106.10860936954387,39.825901876129599],[-106.1088960318325,39.826232867664125],[-106.10911805584485,39.826581171875752],[-106.10951425510598,39.826994552350726],[-106.10991047413003,39.827407932408072],[-106.11047979940764,39.827819662540946],[-106.11085089524815,39.828016352319146],[-106.11104994035553,39.828281433206136],[-106.11153515906805,39.828844138665843],[-106.11164575874751,39.828993263836004],[-106.11180208177663,39.829292123047516],[-106.11195759991523,39.829540940982547],[-106.11226593226348,39.829871714925353],[-106.11263731466654,39.830085092033727],[-106.11298544238187,39.830198555776718],[-106.11348368576769,39.830227144852032],[-106.11398219774975,39.830272426385427],[-106.11450210580527,39.830300805713634],[-106.11470485915817,39.830490387023836],[-106.11486981050558,39.830619442166601],[-106.11497744304967,39.830771575376481],[-106.11507311272911,39.830905810768847],[-106.11525025780819,39.831021235777833],[-106.11541545080242,39.83111875419975],[-106.11562236605002,39.831233882216623],[-106.11583947987103,39.831338422971427],[-106.11603660438035,39.831432633824889],[-106.11623537909485,39.831529830195336],[-106.11632256957633,39.831569534862027],[-106.11651557620839,39.831671288830734],[-106.11673345629234,39.831786328311658],[-106.11696335044491,39.831921513010933],[-106.11713923339101,39.832104519826515],[-106.11727108361683,39.832308221941794],[-106.11734914092682,39.832516956484788],[-106.11744768970675,39.832739007604495],[-106.11757694290309,39.832974266868398],[-106.11773271885819,39.833189009855843],[-106.11789556994447,39.833356374252148],[-106.11803958246094,39.833499141862113],[-106.11813159959043,39.833588353359751],[-106.11827413976813,39.83373114394152],[-106.11841670599698,39.833873924568941],[-106.11857116502188,39.834052630680247],[-106.11871795063762,39.834231420484279],[-106.11877426153121,39.834302955866391],[-106.11891788417884,39.834488521067811],[-106.11908737381506,39.834659792846892],[-106.11924673764142,39.83481421418012],[-106.11945600917002,39.834983370190841],[-106.11964327377076,39.835179785608553],[-106.11982840666937,39.835380728348817],[-106.12001208968705,39.835581683607479],[-106.12015106714637,39.835762789234721],[-106.1202014626338,39.835829875874289],[-106.12028603811947,39.836000244120278],[-106.12032723306179,39.836175545376577],[-106.12034885551067,39.836269939289672],[-106.120383081323,39.836476831768202],[-106.1204431840054,39.836703755885559],[-106.12049635888032,39.836919477061691],[-106.12054836235211,39.837110503835319],[-106.1206044612433,39.837312617702104],[-106.12066161295999,39.837514784777277],[-106.12071084602745,39.837690008361044],[-106.12079520412084,39.837891913588251],[-106.1209242704676,39.83807987917919],[-106.12108801537759,39.838244968499978],[-106.12124475881826,39.838405638034061],[-106.12131983641645,39.838486000940918],[-106.12144872310016,39.838662696780617],[-106.12157938305822,39.838870917446862],[-106.12172075452776,39.839085794436926],[-106.12188136431737,39.839237406055027],[-106.12206322914497,39.839404571545536],[-106.12224977689013,39.839567212470008],[-106.12232019313032,39.839629600177162],[-106.12251426157103,39.839783139167594],[-106.12273745788485,39.839943155349253],[-106.12291794649342,39.84009233091755],[-106.12300676202725,39.84016354911445],[-106.12320883715208,39.840314756915141],[-106.12342320392497,39.840492875840845],[-106.12355252629159,39.840662817288326],[-106.12365961715153,39.840823964681007],[-106.12370825912755,39.840895570448545],[-106.1238000912041,39.841061351715751],[-106.12389226464046,39.841227149136657],[-106.12393704565737,39.841307801883751],[-106.12402266229046,39.841473663545621],[-106.12406985079234,39.841567806007433],[-106.1241867207125,39.841724344490288],[-106.12423712608141,39.841791430134514],[-106.12438300439869,39.841934180210522],[-106.12461034014936,39.842067121909515],[-106.12483300376219,39.842159567493091],[-106.1251039949407,39.842224510389428],[-106.1253852008623,39.842289355971523],[-106.12558664177654,39.842345972946433],[-106.12579926312283,39.842472299985396],[-106.12602963158584,39.842578819033371],[-106.12623073922515,39.842668587766333],[-106.12643384651425,39.842759810335956],[-106.12663473047304,39.842849362256864],[-106.12687336523332,39.842957414678345],[-106.12711513691056,39.843056425279194],[-106.12732089333146,39.843144341469014],[-106.12752630300261,39.843228136428849],[-106.12762746857497,39.843272192713947],[-106.12783961650911,39.843349875859644],[-106.12804966508041,39.843425758046031],[-106.12825068288817,39.843500393817216],[-106.12846622375913,39.84357037594387],[-106.1286817763082,39.843640357309496],[-106.12893809979472,39.843723455044952],[-106.12919936221869,39.84379749595292],[-106.12941990041757,39.843858423816819],[-106.12964088597749,39.843917520420398],[-106.12986047825035,39.843975756203427],[-106.12996544818795,39.84400627696489],[-106.13018874960464,39.844058158986478],[-106.13036440707363,39.844101496052794],[-106.13062485292899,39.84414625942776],[-106.1308890627254,39.844177560183617],[-106.13115820067948,39.844206388289919],[-106.13142980630563,39.844208245697693],[-106.13153498375404,39.844207219398854],[-106.13176731503597,39.844186933440525],[-106.13199735291899,39.844149299013054],[-106.13217640062985,39.844119872897409],[-106.1324017331374,39.844072624450227],[-106.13262705127191,39.844025376660248],[-106.1328519229437,39.843973627039979],[-106.13301502376164,39.843940499813542],[-106.13324494666031,39.843906720785753],[-106.13347461713235,39.843876059966853],[-106.13370486791608,39.843843671384143],[-106.1339129536685,39.843814599654102],[-106.1341444836532,39.843789811769938],[-106.13437659754284,39.84376630675866],[-106.1346082434102,39.843742174782349],[-106.13483919128662,39.843718120046425],[-106.13496309411711,39.843705221556419],[-106.13519674412588,39.843698429863487],[-106.1354300330119,39.843691642308222],[-106.13566368391899,39.843684851303671],[-106.13589727014738,39.843673554342651],[-106.136160357948,39.843667111646155],[-106.13642080829496,39.843636892142769],[-106.13667163948185,39.843609522561458],[-106.13692455476021,39.843595917084876],[-106.13720505191104,39.843585661591277],[-106.13748235016115,39.843554399190104],[-106.13771227036487,39.843520619972367],[-106.13794242502885,39.843490424544882],[-106.13811499858146,39.843467116002557],[-106.13834571738745,39.843437823401146],[-106.13857645865133,39.84340857423993],[-106.13880682711438,39.84337935541415],[-106.13890812024749,39.843364720131859],[-106.13913370877489,39.843302312367534],[-106.13930342748152,39.843239216888961],[-106.13944246961951,39.843165773372647],[-106.13956982377735,39.843092434616452],[-106.13969629848451,39.842965056191247],[-106.1398109136333,39.842806259598511],[-106.13988989710633,39.84265682368919],[-106.14002789270702,39.842520303412996],[-106.14018496672772,39.842388128197513],[-106.1403419527135,39.842251430124776],[-106.14048894853504,39.842128361690847],[-106.14063708252201,39.841987254977532],[-106.14073062678749,39.841900733340182],[-106.14088130839662,39.841725813640522],[-106.14098249732517,39.841582915526345],[-106.14109421001727,39.841424146775765],[-106.14114238127607,39.841356098577599],[-106.14129016402177,39.841214987518278],[-106.14144158943596,39.841073844440587],[-106.14157906940366,39.840928337025325],[-106.14171654757475,39.840782828611928],[-106.14185402574584,39.840637310233703],[-106.14199150391691,39.840491801893393],[-106.1421413545844,39.840332656082609],[-106.14231707134219,39.840191273225066],[-106.14247996554759,39.840059019032516],[-106.14266404831559,39.839915440105344],[-106.14286140908185,39.839780467031872],[-106.14297342360788,39.839707283994997],[-106.14317613833323,39.839619703457686],[-106.14340070098457,39.839549909058917],[-106.14362664793978,39.839498126405772],[-106.14388273067782,39.839434769459537],[-106.14414911260062,39.839420898285979],[-106.1443827581178,39.839414087545663],[-106.14461602993582,39.839407281633001],[-106.14476822879946,39.839401275157556],[-106.14499983963255,39.839426017721927],[-106.14523180080857,39.83945075544905],[-106.14541213850018,39.839466995957913],[-106.1456456331004,39.839473700469306],[-106.14580974362472,39.839481088536601],[-106.14604069419606,39.839510342129849],[-106.14616106664751,39.839522666834412],[-106.14639426660031,39.839533876188561],[-106.14650024534596,39.839537335354485],[-106.14732603514562,39.839476489876915],[-106.14835236125602,39.839415393960785],[-106.1490879278618,39.83939142323996],[-106.14984986541108,39.839650857288277],[-106.15096309903367,39.840207159713408],[-106.15144397888335,39.840486076932606],[-106.15194817450623,39.840864866899999],[-106.15255975024661,39.841192530041425],[-106.15327704062793,39.841368947157441],[-106.15423268819012,39.841559690485198],[-106.15612572595464,39.842141562582221],[-106.15690851070671,39.842350694876572],[-106.15732364735234,39.842580156426244],[-106.15769327175239,39.842676592800309],[-106.15860538605759,39.842851023817893],[-106.15934463036614,39.843043896359433],[-106.15973869792509,39.843306941118904],[-106.16039281428407,39.84358574780665],[-106.16062921044265,39.843483256931002],[-106.16090973184801,39.843430391617183],[-106.16151855964191,39.843591166271985],[-106.16214876374634,39.843735027886389],[-106.16347156084997,39.84387195061327],[-106.16477131167501,39.84392565980415],[-106.1651617500402,39.84397179514545],[-106.16577030923786,39.844115864257184],[-106.16640221924301,39.844359810830738],[-106.16710019315076,39.844669839975388],[-106.16766773976413,39.844947799683396],[-106.16769164573046,39.84508105695167],[-106.16765429288264,39.84543185543248],[-106.1676349234085,39.845565537997885],[-106.16791628653525,39.845562706765726],[-106.16851808860534,39.845306344932681],[-106.16912213826025,39.845183449573007],[-106.16992296747142,39.845175375170861],[-106.17107379379203,39.845380695880458],[-106.17161886725191,39.845608805832214],[-106.17212207562631,39.845920762565527],[-106.17240940985477,39.846268283457583],[-106.17265402919146,39.846649606493827],[-106.17285876961778,39.847231571325594],[-106.17286302942884,39.847481827783646],[-106.17282483935118,39.847782579725148],[-106.17314725009655,39.847645822044669],[-106.17385848493453,39.847642932964966],[-106.17407819309008,39.847706471310488],[-106.17429605251277,39.84776915370292],[-106.1752339700262,39.848141990198783],[-106.17603938693354,39.848400819445239],[-106.17673345855971,39.84847721192552],[-106.17678215802789,39.848793768144319],[-106.1767636500381,39.848977510705907],[-106.17717804737023,39.849156858905886],[-106.17800769633236,39.849565603461627],[-106.17855596150646,39.849977201461641],[-106.17910766093989,39.850589000749913],[-106.17941956229474,39.851103122611804],[-106.17988555526354,39.851765847391341],[-106.18031618425454,39.852249105433941],[-106.1806623509476,39.852475249865627],[-106.18093771871816,39.852522727695145],[-106.18115704419139,39.852687362995319],[-106.18137578575971,39.852818633587553],[-106.18170506861701,39.853082253976019],[-106.18251056727102,39.853341045286108],[-106.1833706179173,39.853618936094996],[-106.18346857291083,39.853671742531517],[-106.18366004881364,39.85377365960457],[-106.18385146902089,39.853879823205048],[-106.18407752736719,39.854003642947227],[-106.18431096447524,39.854152190069144],[-106.18484826391466,39.854568689230774],[-106.1851567840108,39.854882587877235],[-106.18537697456165,39.855097263045408],[-106.18559746694648,39.855328622542679],[-106.18603357116912,39.855507716925437],[-106.18666536978317,39.855734867093041],[-106.18705817610747,39.855914392104935],[-106.18738690829748,39.856144657905247],[-106.18786804326871,39.856423401424635],[-106.18950630175067,39.857257629528668],[-106.19042490368885,39.857668768345448],[-106.19056226328232,39.857816017330187],[-106.19065202564045,39.857873658628598],[-106.19083405485974,39.857984419513727],[-106.19098529791592,39.858068459778956],[-106.19117628962678,39.858170109663241],[-106.19137926576185,39.858267131654515],[-106.19157712419477,39.858364214191241],[-106.19174081161258,39.858470647210055],[-106.1919199985623,39.85858593279621],[-106.19206150837238,39.858656554638195],[-106.19220255016019,39.858700163144491],[-106.19244017880735,39.858751778920158],[-106.19266181295089,39.858808061668746],[-106.19288343631464,39.858864345060752],[-106.19420306865352,39.859662311863303],[-106.19453330103005,39.859975961038089],[-106.19469062029083,39.860308078517662],[-106.19487017914308,39.860673336312978],[-106.1953736013165,39.860985191488609],[-106.19583344441887,39.861280815418226],[-106.19620523645372,39.861493904619913],[-106.19681895377772,39.861921433913537],[-106.19743237465769,39.862332259321718],[-106.19826637416072,39.8629744332302],[-106.19950998297544,39.863512238454419],[-106.200230795651,39.863871887881544],[-106.20058448214128,39.864285393479243],[-106.2008496010328,39.864588021735507],[-106.20124715136008,39.865034431848741],[-106.20151045745133,39.86523194587221],[-106.20151685884605,39.865598985331701],[-106.20139277275922,39.865934008033236],[-106.20118325149897,39.86633665614297],[-106.20123266153455,39.866686567562212],[-106.20139440679472,39.867268925130396],[-106.20136507769901,39.868070184355233],[-106.20144283137842,39.868393997933481],[-106.20147007907762,39.868470612924163],[-106.20163612636968,39.868711486847303],[-106.20194710515474,39.869158800220433],[-106.20223963793374,39.869789859572656],[-106.20233410656567,39.870239425259463],[-106.20234284537673,39.870739929437654],[-106.20250053204846,39.871088715283051],[-106.20289610248886,39.871418349373911],[-106.20346226030679,39.871596027707149],[-106.2037484042675,39.871860042024935],[-106.20410212758874,39.872273534637756],[-106.20443480158622,39.872720625538143],[-106.20533365496119,39.873583825640566],[-106.20542581132956,39.873785574285165],[-106.2055412412503,39.873982363354536],[-106.20563652734911,39.874143788956516],[-106.20573297496961,39.874309464418999],[-106.20584257482416,39.874475011939928],[-106.20594298491335,39.874658667132231],[-106.20599821603196,39.87483373524158],[-106.20605289917826,39.875008907694024],[-106.20604082761749,39.875390483315748],[-106.20625003267072,39.876205949875782],[-106.20630269281101,39.876739366817269],[-106.20635827696752,39.877439632563494],[-106.2067740936378,39.877685610187498],[-106.20731866044788,39.87786349564449],[-106.20797209408724,39.878073616588928],[-106.20886166517037,39.878164461204221],[-106.20983727509481,39.878221041694005],[-106.21081288861248,39.878277602145324],[-106.21172442260601,39.878384890118816],[-106.21257304578357,39.878609631721012],[-106.21381145964099,39.878830288075235],[-106.21500951668428,39.879218219063709],[-106.21606745091628,39.880130021793782],[-106.21618800752235,39.880235972278086],[-106.21636180727533,39.880388224412627],[-106.21652321746389,39.880526179739661],[-106.21667329899839,39.880664263008327],[-106.2167685886905,39.880762368558386],[-106.21689895310283,39.880860107234632],[-106.21702947741529,39.880966863127568],[-106.21711259852854,39.881038066489374],[-106.21722835004617,39.881135957807395],[-106.21738566212039,39.881269451571228],[-106.21752835950328,39.881403096730672],[-106.21761179862014,39.881492326631779],[-106.21771606158359,39.881581327555416],[-106.2178880943504,39.881730431934336],[-106.21803989436204,39.881893264161562],[-106.21815904959628,39.88201815697262],[-106.21827836562893,39.882152047454994],[-106.2184092142332,39.882276806753161],[-106.21850514532241,39.882410961434324],[-106.21856520308904,39.882500418192841],[-106.21863791003321,39.882643808089867],[-106.21873368122226,39.88276893528456],[-106.21878801672054,39.882844955182726],[-106.21890152604323,39.883001429856982],[-106.21900931040258,39.883144451985018],[-106.21905799549772,39.883252054947995],[-106.21911046339852,39.883346113223276],[-106.21920293417723,39.883511819532941],[-106.2192501577134,39.883619437084505],[-106.21932480771352,39.883789845958546],[-106.2193624399374,39.883933603322674],[-106.21938758018895,39.884032445899983],[-106.21940118876716,39.884140417631897],[-106.21939173040556,39.884266651202232],[-106.21939427353611,39.884410788756739],[-106.21937359880985,39.884564167606712],[-106.21936150568949,39.884726468539668],[-106.21934522282668,39.884942879066102],[-106.21935899220335,39.885059860667589],[-106.21937307778701,39.885194857059481],[-106.21940944428464,39.885370171925487],[-106.21950600329622,39.885580881278223],[-106.21960498057253,39.885742013509578],[-106.21972398668643,39.885857895695231],[-106.21983082152654,39.88594686682687],[-106.21997305268378,39.886053486590896],[-106.22005602288006,39.886115682468073],[-106.22021569033697,39.886236685481059],[-106.22031694304592,39.88632016589672],[-106.22038852889258,39.886400508549372],[-106.22043659055691,39.886472070904233],[-106.22048528014363,39.886579672780641],[-106.22050075182779,39.886710158224666],[-106.22051509971948,39.886921734718776],[-106.22055300053964,39.887101526216632],[-106.22059893499338,39.887269982654686],[-106.22066479138518,39.887469754153997],[-106.22071428047251,39.887622396212493],[-106.22076265115729,39.887711992298811],[-106.22083392978013,39.887774308673798],[-106.22094028941146,39.887836256228077],[-106.22103463677081,39.88788031903109],[-106.2211991416555,39.887923627046803],[-106.22130470088791,39.887940534335421],[-106.22151615442435,39.887992364533559],[-106.22168050120557,39.888026671905436],[-106.2218682221505,39.888060742149158],[-106.22206826438784,39.888108195355478],[-106.22231174106751,39.888173191961194],[-106.22252642494568,39.888243005155054],[-106.22262881941334,39.888286975333955],[-106.22286501165438,39.888603622926489],[-106.22314403556813,39.888991876340427],[-106.22359808543524,39.889630461896225],[-106.2239096112943,39.890094395336277],[-106.22441397490215,39.89043949105745],[-106.22498361099684,39.890800579748266],[-106.22566155067716,39.891160523079414],[-106.2265590440028,39.89168500486722],[-106.22744145191986,39.892576734760446],[-106.22810579290339,39.893387350200136],[-106.22863842559489,39.894099214283969],[-106.22917254859151,39.894894524407391],[-106.22950792921291,39.895681289565452],[-106.22951741003243,39.89600885984494],[-106.22961776262946,39.896775377636303],[-106.22982493120197,39.897457333265002],[-106.23005316706451,39.898105682066586],[-106.23086713144177,39.898797882038771],[-106.23141491332224,39.89914248667197],[-106.23176716610135,39.899455784411224],[-106.23177433735226,39.899856193054283],[-106.23176044310975,39.900290187317594],[-106.23172697188225,39.900841201039299],[-106.23177538209292,39.901124351267661],[-106.23227687738006,39.901302576304801],[-106.233042797161,39.901728281405383],[-106.2336796479002,39.902205422909645],[-106.23527922402772,39.903206266961739],[-106.23648501287065,39.903994366613034],[-106.23729522318834,39.904469637938746],[-106.23868217168135,39.905689627527536],[-106.23899567473235,39.906253618936795],[-106.23933024687005,39.90678401267386],[-106.23954895969226,39.906898485935685],[-106.24035230328792,39.906990009004922],[-106.24083159940777,39.907135060739492],[-106.24113909452615,39.907365378550232],[-106.24193041327341,39.907991000224754],[-106.24281110900152,39.908765828514568],[-106.24344750249826,39.909209537266477],[-106.24377788579179,39.909506354882843],[-106.24437579636005,39.910217451360538],[-106.24473389268007,39.910847701501538],[-106.24521896406887,39.911309710140564],[-106.24568056607256,39.911671854723409],[-106.24620897758058,39.912133394083639],[-106.24671602355785,39.912611855652415],[-106.24710447934122,39.912524241383274],[-106.24751338796696,39.91236967175125],[-106.24807606032159,39.912330243964298],[-106.24886113487932,39.912605455947713],[-106.24981893210997,39.912845429994775],[-106.25075810726477,39.913252461825898],[-106.25152852311369,39.913911613083997],[-106.25248978334977,39.914340088902243],[-106.25311776322556,39.914316617017391],[-106.25413175367049,39.91407204412922],[-106.25560224997652,39.913905950059167],[-106.25686217579006,39.914075850245979],[-106.25791065525371,39.914531697342994],[-106.25878581286811,39.914989425146928],[-106.25942144728842,39.915382996307784],[-106.26014924167036,39.916075904335415],[-106.26054840627023,39.916572172169474],[-106.2609274414212,39.917152074939906],[-106.26113130239685,39.917633769965214],[-106.26140170428052,39.91819815978576],[-106.2616046633476,39.918629806979517],[-106.2618271365176,39.918944412139957],[-106.26209235422378,39.919225209148067],[-106.26242102892161,39.919421869161575],[-106.26253641482492,39.919804398428994],[-106.2629609406619,39.92050060864068],[-106.26354934435952,39.920677749848004],[-106.26452651286094,39.920783896011848],[-106.26535201070814,39.920891699615332],[-106.26565406203589,39.921066916278541],[-106.26618150426172,39.921216363972178],[-106.26640217451293,39.921430884566213],[-106.26667109776966,39.921911849535185],[-106.2668496693734,39.922193581657694],[-106.26731813630249,39.922243888210616],[-106.26742669500965,39.922280928652263],[-106.26764026228192,39.922351635089882],[-106.26785444400186,39.922425872223883],[-106.26804082915193,39.922500424118326],[-106.26825853047116,39.92260615754406],[-106.26836723740033,39.922795799394954],[-106.26853586645052,39.922950459168867],[-106.2686898017576,39.923088701538333],[-106.26877559715544,39.923200293344308],[-106.26889661819052,39.923357677576917],[-106.26897843135671,39.92347222234487],[-106.26908890706866,39.923633194528712],[-106.26915336747851,39.923734360060635],[-106.26921253770963,39.923857107123993],[-106.26931460788548,39.924060928875825],[-106.26940442953241,39.924224377693825],[-106.26949561482198,39.924390063015146],[-106.26956925421737,39.924555933941015],[-106.2696452921146,39.92472445469204],[-106.26966551858153,39.924888250512339],[-106.269687991735,39.925070230941664],[-106.26973649177719,39.925216385210405],[-106.26979458313167,39.925391371736339],[-106.26985691094102,39.925591114084753],[-106.26989594902834,39.925791193409779],[-106.26993035180877,39.925971008309055],[-106.26991430789781,39.926115335087097],[-106.2698907801222,39.926329000573816],[-106.26987304558186,39.926480699785024],[-106.26985157494825,39.926661882382597],[-106.2698369602569,39.926787418321886],[-106.26981564952341,39.926967834067732],[-106.2698331576883,39.927143327268361],[-106.26985109973947,39.927323331502926],[-106.26986906604516,39.927503324242188],[-106.26988701797778,39.92768332684134],[-106.26991728042306,39.927777594866086],[-106.2699772267986,39.928152853242288],[-106.2702899932311,39.928196970030498],[-106.27051089614596,39.928257615584855],[-106.27067582054393,39.928296358419018],[-106.27090496999313,39.928347905277747],[-106.27113423173174,39.928385933013118],[-106.27136377554133,39.928419455515858],[-106.2715528556373,39.928439914271287],[-106.27182711398846,39.928475971788203],[-106.27208664985046,39.928551181164444],[-106.27230542645307,39.928616290271762],[-106.27236562884848,39.928719508153591],[-106.27246230643766,39.928885250794018],[-106.27250054951593,39.928988293987537],[-106.27259788018034,39.929183004033312],[-106.27267547036638,39.929324060215642],[-106.27273978704578,39.929499050019523],[-106.27280179325827,39.929624376165279],[-106.27288486586247,39.929790264718967],[-106.27296812351965,39.929960542942311],[-106.27306613870029,39.930099112828316],[-106.27318751816317,39.930284735830185],[-106.27324926566085,39.930489024773813],[-106.27330261031736,39.930664132147953],[-106.2733665416195,39.930850297805804],[-106.27351553709084,39.931004156168697],[-106.27365430973424,39.931151297968817],[-106.27376027231023,39.931261968739804],[-106.27384764514969,39.931352813808687],[-106.27398894295737,39.931499730297745],[-106.27414692337817,39.931663941120043],[-106.27425339799386,39.93182495259407],[-106.27435988608426,39.931985951290272],[-106.27447267765301,39.932168793869124],[-106.27452611753095,39.932371541097773],[-106.27457548983729,39.932566955835171],[-106.27459708803167,39.932767189734079],[-106.27461609458645,39.932947052436788],[-106.27460538576996,39.933127487078728],[-106.27459467605513,39.933307793813093],[-106.27470284758837,39.933459758597586],[-106.27481582061682,39.933616202428198],[-106.27490462626919,39.933745538903622],[-106.27501314545046,39.933902343020122],[-106.2751412694645,39.93409689305939],[-106.2752519481957,39.934296145059463],[-106.27534425098945,39.934461806004919],[-106.2754362007453,39.934627469304615],[-106.27547409258231,39.934757699317501],[-106.27552576277913,39.934932798526468],[-106.27557696225875,39.935107974433414],[-106.27562867916798,39.935283065169379],[-106.27565165627632,39.936375619149722],[-106.27566126285997,39.93689278499496],[-106.2758826328988,39.93714065071886],[-106.27636593191156,39.937485738153079],[-106.27678360000962,39.93779818207657],[-106.2772491438208,39.938611071937139],[-106.27728014018967,39.938683725872018],[-106.2776363257931,39.939357304981826],[-106.27805493263065,39.939719792317227],[-106.27884354385563,39.940161624776145],[-106.27930334204224,39.94040684488165],[-106.27976374299838,39.940685436655642],[-106.2800928911084,39.940898721932804],[-106.28040192504085,39.941195668739084],[-106.28084130811429,39.941507859486315],[-106.28123578350839,39.941737106419332],[-106.28169591047839,39.941998997876496],[-106.28204486464375,39.942111946651963],[-106.28257065127451,39.942406488659572],[-106.28285552681403,39.942570192581044],[-106.28301066496527,39.942752026137299],[-106.2833206538069,39.943099011630942],[-106.28349933770006,39.943380706145618],[-106.2838099445826,39.943761051233608],[-106.28420632530339,39.944090371644911],[-106.28458039995738,39.944386595917742],[-106.28495636287009,39.944782900300005],[-106.28535617785023,39.945295747815599],[-106.28566900177486,39.945792863751322],[-106.28587626017891,39.946441347306433],[-106.28627701749177,39.947004227641138],[-106.28658954407406,39.947484659637986],[-106.28691220455109,39.948505617045626],[-106.28722660771399,39.949086149405602],[-106.28758624284809,39.949766297804722],[-106.28796569661401,39.950346103958957],[-106.28840922900575,39.950875140428622],[-106.28854837265338,39.951357483071071],[-106.28857818863598,39.951791002925901],[-106.28843615241314,39.952309861290459],[-106.28818291643623,39.952679775010282],[-106.28818792454393,39.952946695602407],[-106.2886917599424,39.954165735465587],[-106.28854534083929,39.954661415929195],[-106.28838099405806,39.955147150087711],[-106.28812774909801,39.955517073940321],[-106.28782958028889,39.955804040846949],[-106.28745098441408,39.956142228804239],[-106.28728247483984,39.956268448148414],[-106.28711622093526,39.956396418340624],[-106.28697795853493,39.956515075148431],[-106.28682047757742,39.956650840362968],[-106.28666617396108,39.956784326780955],[-106.28655854590855,39.956879092504671],[-106.2864059347182,39.9570124524666],[-106.28557972810025,39.957949413291921],[-106.28560040282652,39.958340076839683],[-106.2856082136779,39.958757154952998],[-106.28577278324134,39.959439464277672],[-106.28584875556153,39.96002264152073],[-106.28608925702098,39.960732432514554],[-106.28616114739653,39.96092754661214],[-106.2862554372637,39.961141501388447],[-106.28634490856768,39.96133323841228],[-106.28638801781986,39.961498786387693],[-106.28645282138612,39.961566296058628],[-106.28664205689063,39.961856013748815],[-106.28682394507442,39.962304519683101],[-106.2869844686258,39.962769950052049],[-106.28714435796658,39.963202026033862],[-106.28741328571488,39.963666251587867],[-106.28784344039541,39.964429439179554],[-106.28791477291719,39.964604333013241],[-106.28798602099731,39.964774727712594],[-106.28804984629825,39.964900151737581],[-106.28814244373942,39.965106338808496],[-106.28819379413602,39.965317500350331],[-106.2882370462203,39.965497216899571],[-106.28828863107718,39.965701608640451],[-106.28835009740217,39.965905890988331],[-106.28849418807208,39.966050071578962],[-106.28857870965884,39.966193913816952],[-106.28863624136288,39.966393734668678],[-106.28871726401162,39.966577537308069],[-106.28880022252982,39.966747793523496],[-106.28889308677063,39.966899931201297],[-106.28900028183516,39.967015861984386],[-106.28909314697428,39.96719726841809],[-106.28917792997079,39.967366677638815],[-106.28922203635292,39.967435208724318],[-106.28937398278997,39.967711837050288],[-106.28942391384841,39.968007278815385],[-106.29025351519981,39.969430017723987],[-106.2903637519599,39.969590961667251],[-106.29065528760896,39.97001269806033],[-106.29118916536545,39.970724265485366],[-106.29171959808285,39.971252316809391],[-106.29255831284281,39.972027222180579],[-106.29326444794495,39.972670104492295],[-106.29372544897571,39.97296531692411],[-106.29420594704141,39.973143500908947],[-106.29509686020758,39.973233662530419],[-106.29557451420709,39.973261703900192],[-106.29611755657612,39.973305688341604],[-106.29674731691279,39.973348700708527],[-106.29729192414703,39.973476098526938],[-106.29812063796295,39.973717110022832],[-106.29860273053826,39.97397869591795],[-106.2986071520461,39.974212250858137],[-106.29859177109179,39.974546151246457],[-106.29855472187454,39.974880285437081],[-106.29860787788485,39.975396966750097],[-106.29865978164365,39.975846910704597],[-106.29881977788395,39.976278965990787],[-106.29891568471862,39.976761789606101],[-106.29914041535494,39.977176424488654],[-106.29936516485589,39.977591058920567],[-106.29988288371705,39.978586436038007],[-106.30017427383905,39.97908374847777],[-106.3002258766622,39.979517018898399],[-106.30042451483278,39.979698339839715],[-106.30103614447208,39.979925072253586],[-106.3016452309808,39.98001835554782],[-106.30262741747143,39.980341045364],[-106.30334778548091,39.980583228305612],[-106.30357497300952,39.980683578618496],[-106.30404776802166,39.980892405367861],[-106.30424770156284,39.981140446189364],[-106.30440679140305,39.981522437728501],[-106.30441060115818,39.981722630899718],[-106.30413693210181,39.982159558889194],[-106.30381331761396,39.982989995481745],[-106.30376466306154,39.983114862960704],[-106.30375343232386,39.983665626527795],[-106.30373808909881,39.983999524778611],[-106.30396342789456,39.984442516639881],[-106.3036284928375,39.985080358064636],[-106.30312734070682,39.98610385008827],[-106.30270278073387,39.986592528348261],[-106.30225207978613,39.986847884874138],[-106.30119129789469,39.98695991987838],[-106.29989351617677,39.987158033657359],[-106.29909485100711,39.987367223300083],[-106.29788223496801,39.987480923767762],[-106.29708165638679,39.987590007101112],[-106.29656399681444,39.987745980245087],[-106.29590018943018,39.988203927974567],[-106.2955597926162,39.988558145712091],[-106.29507514163895,39.989314444663748],[-106.29492273795944,39.990434125187285],[-106.29494447898594,39.991585230721491],[-106.29535493540892,39.992641879570201],[-106.29586861544458,39.993420388830451],[-106.29643041912831,39.994448654544549],[-106.29672753601022,39.995246257893768],[-106.29710985180863,39.995959496384167],[-106.29777698745102,39.996819705943672],[-106.29893988263746,39.997507500644417],[-106.30042911780029,39.99824167709307],[-106.30194134174957,39.999042318407398],[-106.30306568214233,39.999980793724795],[-106.30340026775477,40.000460933298328],[-106.30347200272176,40.000810529222846],[-106.30356892105947,40.001343398964536],[-106.303644478358,40.001893193932595],[-106.30371843845197,40.002359579566829],[-106.30403451068469,40.003006780694307],[-106.30428297481082,40.003521257215283],[-106.30435833807326,40.004061036430556],[-106.30443517367443,40.004677557533988],[-106.30440352782362,40.005295307514309],[-106.30428067422535,40.005680473703592],[-106.30445803849338,40.005878710708672],[-106.30511360652983,40.006121608863324],[-106.3065137800205,40.006723224713348],[-106.30778571630937,40.007426384824349],[-106.30868504579145,40.007933504917411],[-106.30907809735579,40.008062548096362],[-106.3104253726526,40.008164126148671],[-106.31088223334824,40.008225699185672],[-106.3110111290151,40.008157500061728],[-106.31176308448492,40.00776520842183],[-106.31240623600753,40.007357458294351],[-106.3128790283247,40.007118498277215],[-106.31331099311053,40.007013482403842],[-106.31356684408327,40.006776978320353],[-106.31377930732604,40.006540966773372],[-106.31364658124282,40.006408979155523],[-106.31338113805951,40.006145012099303],[-106.31298361557998,40.005782422741134],[-106.3124942259896,40.005153886424552],[-106.3120606469312,40.004040830809465],[-106.31220962713118,40.003888967113419],[-106.31296696350958,40.003780267628947],[-106.3135765979906,40.003890165113305],[-106.31455694383321,40.004095965497321],[-106.31551143795856,40.004085133986052],[-106.31625060052045,40.004160165957593],[-106.31705612702223,40.004301191380499],[-106.31749512202346,40.004563184516229],[-106.31837921068845,40.005404119498465],[-106.31901731547578,40.005864075717049],[-106.31985226898965,40.006405203633889],[-106.3205347424672,40.006914700371617],[-106.32111164593255,40.007575574368516],[-106.32187114006425,40.008701562272208],[-106.32271533095418,40.009772197880714],[-106.32318202371057,40.010288473573134],[-106.32360100065404,40.010634100775476],[-106.32361034492963,40.011117887024106],[-106.32366179054765,40.011534451787931],[-106.32353549280859,40.011736125709746],[-106.32312682133805,40.011924340496947],[-106.32300398840104,40.012306190842622],[-106.32307681482114,40.012705825782675],[-106.32310656522671,40.01312263748548],[-106.32300645607312,40.013557617750756],[-106.32299184856829,40.013924879359969],[-106.32275995656255,40.014277936496455],[-106.32238134631469,40.014899642970434],[-106.32202344852236,40.015471046659385],[-106.32188059393431,40.015939902980044],[-106.32122762023235,40.016965199427226],[-106.32093416937512,40.017502503647158],[-106.3203803247648,40.018042772904522],[-106.32003669491412,40.018230237616187],[-106.32047515002787,40.018458834467012],[-106.32117333324311,40.018651118581531],[-106.3218469053145,40.018693493552583],[-106.32260536458699,40.018634780871523],[-106.32351118619363,40.018340759211981],[-106.32443740584542,40.017979783941342],[-106.32512720238914,40.017738284661661],[-106.32596757723574,40.017428327732887],[-106.3267422088783,40.017085734517032],[-106.32717453838013,40.016997355531316],[-106.32782253092383,40.01683975538959],[-106.32842779689763,40.016716010434315],[-106.32869235434208,40.016929895805156],[-106.32941644946168,40.017338750051046],[-106.33020531850315,40.017730162479864],[-106.33122702996795,40.017818539828589],[-106.33222542565957,40.017823751199813],[-106.33274972737514,40.018001268496818],[-106.33338739737789,40.0184277680981],[-106.33387448817946,40.018922747228004],[-106.33466631357653,40.019464271762736],[-106.33564900312372,40.020887947916449],[-106.33640528398163,40.021830334429971],[-106.33707056999285,40.02255684796026],[-106.33748541738093,40.023159912160736],[-106.33808082254789,40.023245652577586],[-106.33855811452631,40.023314386956585],[-106.33967850772171,40.023527884987956],[-106.34133877672478,40.023604031329299],[-106.34292367527887,40.023788284734124],[-106.34371811567173,40.023981693693237],[-106.34462128275671,40.024185754323476],[-106.34512334398249,40.024489811372447],[-106.34579895792452,40.024946784200985],[-106.34644123718299,40.025284965690794],[-106.34713001144392,40.025622602070186],[-106.34780119399666,40.025853163529277],[-106.34840989692478,40.026060622225394],[-106.34894370461268,40.026400050141348],[-106.34927201549282,40.026539241809211],[-106.34963085921116,40.026654256253096],[-106.34980880199421,40.027029997688459],[-106.35003167671114,40.027325366594965],[-106.35023858297559,40.027597080398692],[-106.35040016114911,40.027928921741918],[-106.35058006405612,40.028403570253481],[-106.35081609639704,40.028579600383438],[-106.35100351101646,40.028648931266495],[-106.35131164214205,40.028549983132123],[-106.35161976248787,40.028451034166352],[-106.35225385360253,40.028372129399834],[-106.35276773216586,40.028329073951603],[-106.35264537443764,40.0285701691162],[-106.35254463287009,40.02896466475206],[-106.35264752769938,40.029464039857864],[-106.35271635032822,40.029808878655416],[-106.35277344994263,40.030344545093087],[-106.35297754987013,40.03047327557482],[-106.35340054677449,40.030694784486109],[-106.35371526883934,40.030929474399557],[-106.35399593936501,40.031009630134328],[-106.35455538317453,40.031074598354181],[-106.35499059087853,40.031129104533314],[-106.35564374244689,40.031228730570547],[-106.35600120455632,40.031272223026704],[-106.35636033214229,40.031399122809972],[-106.35675139753155,40.031573325208349],[-106.35712507243524,40.031652374843183],[-106.35742029477021,40.031684673972379],[-106.35785527070888,40.031727254075768],[-106.35835248103213,40.031781013438817],[-106.35920740678971,40.031890171819697],[-106.35976993810881,40.032110027411264],[-106.36070008699167,40.032778094816045],[-106.36141246358838,40.033015175977603],[-106.3622344768706,40.033124920465468],[-106.36276940296104,40.033118631080363],[-106.36323359750263,40.033026933513376],[-106.3637000351375,40.033047974503852],[-106.3639428030464,40.033104822494074],[-106.36405800120181,40.033256040668611],[-106.36422177485788,40.033678673649014],[-106.36431200523828,40.033876629177662],[-106.3645486151959,40.034217068478952],[-106.36508184257215,40.034520671574214],[-106.36603694665358,40.034986151281132],[-106.36675668135081,40.035311375869398],[-106.36750982169848,40.035755402859778],[-106.36777739478731,40.035954862740702],[-106.36858158190104,40.036624721978811],[-106.36882125331714,40.036979451253551],[-106.36901275796605,40.037251313674474],[-106.36922024454215,40.037546826080948],[-106.36942558773801,40.037735098287079],[-106.369489974486,40.037853521687587],[-106.36966551697063,40.038101734569473],[-106.37011937100499,40.038310914622983],[-106.37047926395556,40.038473500957366],[-106.37077524985854,40.038541515725555],[-106.37089616219747,40.038385142799413],[-106.37106214031925,40.038156730323216],[-106.37142752467118,40.037818682113304],[-106.37201468869371,40.037716377212675],[-106.37314325476156,40.037548073697288],[-106.37377741324984,40.037469039149187],[-106.3746615243727,40.037482391547115],[-106.37520529527544,40.037535524628773],[-106.37577959362648,40.037564463275274],[-106.37641733190118,40.037664153503457],[-106.37687097572977,40.037861381497457],[-106.37723136275375,40.038047796555198],[-106.37766495079532,40.038018802404736],[-106.37803508454014,40.037919056985913],[-106.3783496835358,40.038141761809875],[-106.37884840482535,40.038266931465621],[-106.37911906901709,40.038226239918615],[-106.37968456298002,40.038209308541497],[-106.38016369830142,40.038132084957233],[-106.38053575264432,40.038127652311751],[-106.38072346280947,40.038208840861856],[-106.38094338027248,40.038349242278777],[-106.3812088477103,40.038441433380243],[-106.38148788509881,40.038438104612702],[-106.38190572926669,40.03839736502453],[-106.38209488482113,40.038550049461719],[-106.38223512531169,40.038584133501367],[-106.38266702721548,40.038471706587494],[-106.38340969410525,40.038391333348791],[-106.38358142234318,40.038448880465303]]]},"properties":{"FID":53,"OBJECTID":53,"TNMID":"{F615361F-882D-4DF0-936C-E72D12109041}","MetaSource":" ","SourceData":" ","SourceOrig":" ","SourceFeat":" ","LoadDate":1339372800000,"GNIS_ID":0,"AreaAcres":437217.19,"AreaSqKm":1769.3599999999999,"States":"CO","HUC8":"14010002","Name":"Blue","Shape_Leng":2.8842904955300002,"Shape_Area":0.18571027959799999,"Shape__Area":2989506295.6289062,"Shape__Length":365382.90674047353,"GlobalID":"{879aaa3c-0d97-4347-9552-2f82a0bf0156}"}}]
}